ticker,trans_date,filing_date,lag_days,n_insiders,accept_time,trigger_class,r_trans_5d,r_filing_5d,r_filing_plus1_5d
AAOI,2024-03-18,2024-03-19,1,3,2024-03-19 16:20:18,after_close_same_day,10.362988920470476,5.575341588767958,-4.041355513917646
AAOI,2025-08-14,2025-08-15,1,4,2025-08-15 17:18:09,after_close_same_day,14.260894823903278,10.55219918113997,-6.721331486257783
AAP,2025-03-11,2025-03-12,1,3,2025-03-12 20:05:04,after_close_same_day,2.368464780764202,-3.2342417324705686,-3.8625544296758614
ABR,2025-06-03,2025-06-03,0,5,2025-06-03 16:17:42,after_close_same_day,6.2347448095115805,6.2347448095115805,7.7844761198043155
ABR,2025-11-17,2025-11-18,1,3,2025-11-18 16:13:21,after_close_same_day,2.4493971388080205,2.1915179414575965,0.7450088285063732
ADC,2024-02-29,2024-03-01,1,3,2024-03-01 11:30:06,intraday_same_day,2.7518362035838226,2.112112157839398,1.841005185954876
AEBI,2025-08-26,2025-08-26,0,5,2025-08-26 15:26:30,intraday_same_day,-3.992286674427995,-3.992286674427995,-4.244884766983477
AEBI,2025-11-25,2025-11-26,1,4,2025-11-26 08:24:20,pre_open_same_day,0.8968402298021254,3.7236904681908802,5.624814378481898
AIN,2024-11-05,2024-11-05,0,4,2024-11-05 13:18:37,intraday_same_day,7.248086980050163,7.248086980050163,1.4304683186932514
AIRJ,2025-12-12,2025-12-12,0,4,2025-12-12 18:34:31,after_close_same_day,-0.7168470890126141,-0.7168470890126141,13.221465091112513
AMCR,2025-02-19,2025-02-20,1,3,2025-02-20 16:19:13,after_close_same_day,3.1642754795465247,2.1897580600093844,0.9317676432141224
AMRC,2025-03-10,2025-03-11,1,4,2025-03-11 18:20:09,after_close_same_day,10.626838329916396,15.749267166734647,20.6810974356547
AMST,2025-01-07,2025-01-08,1,3,2025-01-08 17:50:51,after_close_same_day,14.652122451621423,18.15378474268245,-2.192201552368643
ANGO,2025-10-21,2025-10-22,1,3,2025-10-22 07:00:16,pre_open_same_day,2.6935171796218715,-3.0982581292545004,-0.03464972132457511
ANIX,2025-01-28,2025-01-29,1,4,2025-01-29 10:06:40,intraday_same_day,6.5247014234557765,-0.40044991968365695,8.291851617673107
ANTX,2024-11-27,2024-11-27,0,3,2024-11-27 19:07:58,after_close_same_day,4.5318819619937445,4.5318819619937445,-14.645409943966241
AP,2025-12-01,2025-12-02,1,4,2025-12-02 09:28:00,pre_open_same_day,34.586723819360074,22.771151759732778,24.27942018634871
APPS,2024-11-20,2024-11-21,1,3,2024-11-21 16:07:43,after_close_same_day,-1.4106690924838596,-3.536599781470456,-5.968786353309194
APRE,2024-10-23,2024-10-24,1,4,2024-10-24 12:30:13,intraday_same_day,2.4710186435284287,2.08640596192801,-2.5399831122738368
ASPS,2025-04-09,2025-04-09,0,3,2025-04-09 16:51:05,after_close_same_day,1.832109187048347,1.832109187048347,3.4486130109481286
AVBC,2025-09-03,2025-09-03,0,3,2025-09-03 13:59:27,intraday_same_day,0.8048602726637413,0.8048602726637413,0.3081529221722843
AVBC,2025-11-13,2025-11-13,0,3,2025-11-13 16:12:37,after_close_same_day,2.043868105688148,2.043868105688148,2.0507360022276244
AZO,2025-12-22,2025-12-22,0,3,2025-12-22 17:20:30,after_close_same_day,-0.7565474780595836,-0.7565474780595836,-1.2039754394723747
AZTA,2024-11-19,2024-11-19,0,4,2024-11-19 21:10:16,after_close_same_day,10.101942765121697,10.101942765121697,4.098847145823218
BFS,2025-11-20,2025-11-20,0,3,2025-11-20 14:13:38,intraday_same_day,-2.828887928080536,-2.828887928080536,-3.7723735195382098
BGS,2024-05-13,2024-05-14,1,3,2024-05-14 21:09:42,after_close_same_day,11.662360903925467,10.754874822566933,5.515428162433275
BH,2025-12-17,2025-12-17,0,3,2025-12-17 19:04:55,after_close_same_day,8.52307166131826,8.52307166131826,2.0749326244866744
BHVN,2024-10-02,2024-10-03,1,3,2024-10-03 07:01:22,pre_open_same_day,5.379181096880081,8.82588487468384,11.655174553859087
BHVN,2025-11-17,2025-11-18,1,4,2025-11-18 07:29:10,pre_open_same_day,16.58988848156482,-2.6866317247731044,-2.361662890879057
BLMN,2025-03-05,2025-03-06,1,3,2025-03-06 22:20:54,after_close_same_day,12.593762829221564,1.073661758158035,1.1319024042009729
BNL,2024-02-27,2024-02-27,0,4,2024-02-27 16:10:50,after_close_same_day,-1.658979501835069,-1.658979501835069,-0.41761035890328513
BOW,2024-05-28,2024-05-29,1,4,2024-05-29 18:00:53,after_close_same_day,-4.452529502893026,-5.16643689294151,-5.060136656545751
BRT,2024-04-16,2024-04-17,1,3,2024-04-17 16:20:14,after_close_same_day,6.237707130148004,5.808725669433693,3.95853967379535
BRT,2025-06-18,2025-06-18,0,3,2025-06-18 16:25:23,after_close_same_day,-2.4256580767675455,-2.4256580767675455,-2.0315896544389482
BRT,2025-08-12,2025-08-13,1,3,2025-08-13 16:25:09,after_close_same_day,1.3090365469438352,1.3121062701858652,3.29112983994722
BRT,2025-10-20,2025-10-21,1,3,2025-10-21 16:25:08,after_close_same_day,-2.477638668637005,-3.1535087759682177,-6.795036042925977
BXMT,2024-08-08,2024-08-08,0,3,2024-08-08 21:15:29,after_close_same_day,-3.59787222229411,-3.59787222229411,-3.3715311884401595
CALC,2024-08-27,2024-08-27,0,3,2024-08-27 23:44:47,after_close_same_day,21.36682200156846,21.36682200156846,21.88362464933168
CATX,2024-06-03,2024-06-04,1,3,2024-06-04 16:02:03,after_close_same_day,-6.598692743828303,-10.315642956947187,-6.9249782139744
CATX,2024-06-17,2024-06-18,1,3,2024-06-18 07:48:58,pre_open_same_day,-7.546605045059561,-20.06253947726299,-7.531002217729967
CATX,2025-03-31,2025-04-01,1,4,2025-04-01 18:44:41,after_close_same_day,-5.659033532294982,-1.2589490359097617,-4.500510857714809
CEPV,2025-11-05,2025-11-05,0,4,2025-11-05 19:53:13,after_close_same_day,-1.436260696687197,-1.436260696687197,-0.838356669152226
CHCT,2024-08-13,2024-08-14,1,4,2024-08-14 16:16:03,after_close_same_day,0.705173695932868,1.8337036098664,2.7601751624024127
CHD,2025-08-12,2025-08-12,0,3,2025-08-12 12:17:16,intraday_same_day,2.7360450098594473,2.7360450098594473,2.6772696310728596
CLAR,2025-08-14,2025-08-15,1,3,2025-08-15 16:15:12,after_close_same_day,4.70229940162443,9.738858176859457,8.151951240419471
CLF,2024-06-13,2024-06-13,0,4,2024-06-13 18:16:53,after_close_same_day,-1.107344515908999,-1.107344515908999,-1.4553809059081204
CMTG,2025-03-13,2025-03-14,1,3,2025-03-14 22:02:28,after_close_same_day,12.406856993236767,2.9994353636128777,-1.770895136582202
COO,2025-09-05,2025-09-05,0,4,2025-09-05 21:10:48,after_close_same_day,-3.6420625093839756,-3.6420625093839756,-6.67354502792911
COO,2025-12-22,2025-12-23,1,5,2025-12-23 21:08:36,after_close_same_day,-1.9523877094823339,-0.23207698291597734,-0.7238423710041371
COTY,2025-09-03,2025-09-03,0,4,2025-09-04 01:49:51,unknown,-8.475098095902919,-8.475098095902919,-7.018776314899235
CPSH,2025-10-08,2025-10-09,1,5,2025-10-09 15:30:59,intraday_same_day,25.47338462197897,2.0699400745367416,-19.15186063650192
CRDF,2024-12-18,2024-12-18,0,3,2024-12-18 16:37:28,after_close_same_day,-6.254699133374511,-6.254699133374511,-5.648079719004175
CRVO,2025-11-18,2025-11-19,1,4,2025-11-19 12:46:15,intraday_same_day,13.760743401481596,12.74014758265547,5.592578554093685
CTEV,2025-05-19,2025-05-20,1,4,2025-05-20 16:24:37,after_close_same_day,0.3308669199270172,-6.30907900682963,23.64481662941395
CTEV,2025-11-20,2025-11-20,0,4,2025-11-20 17:57:08,after_close_same_day,14.815272031496821,14.815272031496821,-3.90203589775338
CTO,2025-09-16,2025-09-16,0,5,2025-09-16 17:30:04,after_close_same_day,-2.4764536557531094,-2.4764536557531094,-1.424547963528992
CVBF,2024-02-06,2024-02-06,0,3,2024-02-06 22:39:43,after_close_same_day,0.7026415964516024,0.7026415964516024,-0.6774536612916437
DBD,2024-11-12,2024-11-12,0,3,2024-11-12 15:41:01,intraday_same_day,4.709761612563144,4.709761612563144,8.983144166229543
DMLP,2024-12-12,2024-12-12,0,3,2024-12-12 16:40:06,after_close_same_day,0.9446605730419617,0.9446605730419617,-0.6053355462479537
DMLP,2025-12-03,2025-12-03,0,4,2025-12-03 17:38:34,after_close_same_day,2.1670427582952514,2.1670427582952514,-0.29915008327503717
ECG,2025-02-25,2025-02-26,1,3,2025-02-26 19:15:27,after_close_same_day,-7.21710483700814,-9.491325382094544,-3.5232551410600417
ECPG,2025-03-05,2025-03-06,1,3,2025-03-06 16:28:17,after_close_same_day,-1.016604027148996,-6.941064512635254,-1.8366937195694581
EGBN,2024-05-01,2024-05-02,1,4,2024-05-02 18:04:42,after_close_same_day,0.7988431299945029,-1.027155859484961,-2.3171435584876243
EGHA,2025-05-12,2025-05-12,0,5,2025-05-12 21:25:13,after_close_same_day,-2.23433460501124,-2.23433460501124,-1.2241354886495135
ENR,2025-12-02,2025-12-03,1,3,2025-12-03 17:48:16,after_close_same_day,8.885375858843133,4.0930358137372025,14.541774866414237
EQBK,2024-12-04,2024-12-05,1,4,2024-12-05 14:22:40,intraday_same_day,-0.7166432210806178,-2.462994355705075,-1.5958062944995324
ETST,2025-01-16,2025-01-16,0,3,2025-01-16 18:34:32,after_close_same_day,12.239908247355839,12.239908247355839,26.074079539008128
EVLV,2025-11-25,2025-11-25,0,4,2025-11-25 16:03:38,after_close_same_day,4.169831863457794,4.169831863457794,6.667034070364356
FCNCA,2024-02-21,2024-02-22,1,3,2024-02-22 16:53:40,after_close_same_day,1.1155785313387772,3.4543866021805467,1.2745833145567622
FDBC,2025-11-10,2025-11-10,0,3,2025-11-10 15:47:47,intraday_same_day,0.7712753581295133,0.7712753581295133,0.931536882993413
FERA,2025-03-03,2025-03-04,1,5,2025-03-04 10:25:31,intraday_same_day,4.276401410818689,3.9339530496399506,4.45275040360615
FFIN,2024-06-06,2024-06-07,1,3,2024-06-07 14:44:59,intraday_same_day,-3.0821920184282305,-4.564855618820908,-1.9971727135545176
FMC,2025-03-05,2025-03-06,1,3,2025-03-06 12:07:01,intraday_same_day,5.137374934213942,4.015474117482336,3.245095267810637
FNWD,2025-03-12,2025-03-13,1,5,2025-03-13 18:14:00,after_close_same_day,-2.2285791232741174,-4.8676704108631155,-2.241083446714382
FRPH,2025-11-13,2025-11-14,1,3,2025-11-14 17:05:34,after_close_same_day,-1.3903669698772139,-3.375469705181616,-2.260715023429268
FTAI,2025-05-05,2025-05-06,1,4,2025-05-06 16:28:58,after_close_same_day,8.662198302406033,4.055346554082781,2.8693771599639346
FTAI,2025-11-14,2025-11-14,0,3,2025-11-14 16:16:17,after_close_same_day,1.4081527528171378,1.4081527528171378,5.849210215753901
FVR,2025-08-21,2025-08-21,0,3,2025-08-21 22:35:47,after_close_same_day,-0.5235435771042418,-0.5235435771042418,-2.9350262816203787
FXNC,2024-05-15,2024-05-16,1,5,2024-05-16 15:53:52,intraday_same_day,1.3542012725928245,1.8131668439755004,1.2978496897024598
GAM,2024-04-11,2024-04-11,0,3,2024-04-11 18:08:08,after_close_same_day,0.5812067853280025,0.5812067853280025,1.2223470130337397
GAM,2024-12-30,2024-12-31,1,3,2024-12-31 16:35:25,after_close_same_day,-0.4013523019804311,-0.42499160386037926,0.9665638249692737
GAM,2025-12-08,2025-12-09,1,3,2025-12-09 17:03:18,after_close_same_day,0.28766456037608,0.6791404257608427,0.4652937096099594
GBCI,2025-11-06,2025-11-06,0,5,2025-11-06 13:10:22,intraday_same_day,2.113648504793222,2.113648504793222,-0.7534201409871725
GCBC,2025-11-05,2025-11-06,1,4,2025-11-06 10:02:52,intraday_same_day,-2.7452713164985894,-1.1972623998515228,-0.8529539852980604
GL,2024-05-28,2024-05-28,0,4,2024-05-28 11:04:39,intraday_same_day,-2.2927459942913333,-2.2927459942913333,-0.196396244569365
GLOO,2025-11-20,2025-11-20,0,5,2025-11-20 18:35:22,after_close_same_day,-6.939221178289438,-6.939221178289438,-10.907125090058605
GLRE,2025-11-20,2025-11-21,1,3,2025-11-21 16:30:05,after_close_same_day,0.11198838886310103,-0.9921504449768026,4.447431394464143
GME,2025-04-10,2025-04-10,0,3,2025-04-10 20:18:55,after_close_same_day,6.685521669304687,6.685521669304687,5.158488147505395
GREE,2025-05-23,2025-05-23,0,3,2025-05-23 16:02:44,after_close_same_day,-18.071722800098932,-18.071722800098932,-8.666967142626175
GRNT,2024-11-26,2024-11-27,1,5,2024-11-27 11:59:06,intraday_same_day,-4.1387869131545525,-4.413124626351708,-5.214040406681721
GRNT,2024-12-16,2024-12-17,1,4,2024-12-17 12:50:33,intraday_same_day,-0.4916580989858601,1.164934738850432,2.572780843997666
GRNT,2025-06-16,2025-06-17,1,3,2025-06-17 16:46:39,after_close_same_day,4.855405013599341,5.545011126388861,8.097237995488213
GROV,2025-06-02,2025-06-03,1,3,2025-06-03 18:57:33,after_close_same_day,-5.587710933783053,-6.357839188931944,-7.729366738341269
GRWG,2024-08-27,2024-08-28,1,4,2024-08-28 17:00:31,after_close_same_day,-2.130719218544874,-3.9434751993616945,-1.8800440300002492
GT,2024-08-13,2024-08-13,0,5,2024-08-13 16:23:17,after_close_same_day,1.3950115657814428,1.3950115657814428,1.099176544572579
GTLS,2024-09-16,2024-09-16,0,4,2024-09-16 21:09:22,after_close_same_day,5.040992534784367,5.040992534784367,2.1930929897554505
GTLS,2025-03-14,2025-03-14,0,5,2025-03-14 20:18:31,after_close_same_day,3.7502660897255895,3.7502660897255895,5.8556266667233
GWAV,2024-12-04,2024-12-05,1,3,2024-12-05 20:30:08,after_close_same_day,-5.627488971169577,-21.55880665398862,-14.024028243981917
HCWC,2024-09-17,2024-09-18,1,3,2024-09-18 08:58:59,pre_open_same_day,-24.84976093875125,-22.13616319030416,-11.649727259815473
HELE,2025-07-16,2025-07-16,0,3,2025-07-16 19:19:24,after_close_same_day,7.555476199248185,7.555476199248185,2.7286250466726676
HHS,2024-08-15,2024-08-15,0,3,2024-08-15 17:29:10,after_close_same_day,-0.5695372984111774,-0.5695372984111774,1.034902253107575
HI,2024-05-06,2024-05-07,1,4,,not_found_no_cik,-0.035176796410429256,-2.635283579117379,-2.323985380630322
HI,2025-02-10,2025-02-10,0,4,,not_found_no_cik,3.8527039717556093,3.8527039717556093,-3.9710147942814253
HLIT,2025-02-25,2025-02-26,1,4,2025-02-26 20:40:59,after_close_same_day,7.389025337776879,7.349616778427767,4.648269136325014
HP,2025-02-18,2025-02-19,1,3,2025-02-19 16:16:26,after_close_same_day,5.257214052830536,4.4783742616561195,1.5280325713380196
HRTG,2024-05-06,2024-05-07,1,3,2024-05-07 21:08:59,after_close_same_day,8.040629584168917,10.997907308034081,5.989247208681428
HWBK,2024-03-14,2024-03-15,1,4,2024-03-15 17:21:28,after_close_same_day,7.49876078708578,3.6046667337104585,6.332986041089255
IFF,2025-05-22,2025-05-23,1,5,2025-05-23 20:46:40,after_close_same_day,0.028883541705756022,-1.4018005702504965,-1.5865392255859387
IMMR,2024-08-28,2024-08-29,1,3,2024-08-29 22:28:45,after_close_same_day,3.0663857116615487,3.106925825397366,-1.5106647367431911
IMNM,2025-03-26,2025-03-26,0,3,2025-03-26 20:05:21,after_close_same_day,-4.643858621331454,-4.643858621331454,-8.928458458370724
INBX,2024-09-03,2024-09-03,0,4,2024-09-03 17:31:03,after_close_same_day,-4.231671333395749,-4.231671333395749,-7.113608105398181
INV,2025-12-02,2025-12-03,1,5,2025-12-04 02:47:45,unknown,10.844858329798864,18.13659486479895,12.176348555747293
INVE,2024-05-23,2024-05-23,0,3,2024-05-23 18:24:21,after_close_same_day,4.804378631900198,4.804378631900198,5.083045577337514
ITGR,2025-11-12,2025-11-13,1,4,2025-11-13 21:18:50,after_close_same_day,0.37488211053882425,3.0206436310201,2.653764680114029
J,2025-11-24,2025-11-25,1,3,2025-11-25 19:00:56,after_close_same_day,-0.05057566773285482,2.8232990408080876,3.1417412970372878
JRVR,2025-05-20,2025-05-21,1,3,2025-05-21 09:19:31,pre_open_same_day,15.520382282236428,14.136467719248742,4.5456776508831265
KYN,2025-04-08,2025-04-08,0,3,2025-04-08 13:29:05,intraday_same_day,2.6912743889058266,2.6912743889058266,7.479971884014274
LBSR,2025-03-06,2025-03-06,0,4,2025-03-06 17:45:47,after_close_same_day,-9.78258236637274,-9.78258236637274,1.4183878551944427
LCNB,2024-02-12,2024-02-13,1,5,2024-02-13 17:01:09,after_close_same_day,-0.557215620317569,1.9362547452183656,-3.6156791372309627
LGVN,2024-04-11,2024-04-12,1,3,2024-04-12 23:00:29,after_close_same_day,3.0725215702947684,16.68081975464647,-35.239815930186374
LKQ,2024-07-29,2024-07-29,0,4,2024-07-29 14:46:58,intraday_same_day,2.8099327842591255,2.8099327842591255,0.577915602617662
LKQ,2025-08-28,2025-08-29,1,3,2025-08-29 13:25:47,intraday_same_day,0.6619884919690012,-0.6166461842301411,-0.4760759569940547
LODE,2024-05-20,2024-05-20,0,3,2024-05-20 20:19:56,after_close_same_day,-10.297689209659666,-10.297689209659666,0.9898973545239995
LTRX,2025-03-06,2025-03-07,1,4,2025-03-07 08:05:55,pre_open_same_day,-1.3920761285817451,-1.2823674248403525,5.291868344429668
LUCK,2025-12-08,2025-12-09,1,4,2025-12-09 16:36:18,after_close_same_day,6.630293219640758,1.63555868943354,-0.8245754195358788
MAC,2024-05-10,2024-05-10,0,5,2024-05-10 13:40:18,intraday_same_day,1.1358448257039653,1.1358448257039653,-2.5771095547646303
MAGN,2025-05-15,2025-05-15,0,3,2025-05-15 11:03:18,intraday_same_day,-11.15035235641545,-11.15035235641545,-6.245782182025403
MBIN,2024-11-21,2024-11-22,1,4,2024-11-22 13:45:25,intraday_same_day,3.275760489585039,-1.8259193732670198,-4.447726474609082
MBX,2025-02-18,2025-02-19,1,5,2025-02-19 17:56:33,after_close_same_day,-7.545994720671118,-7.873094783304557,-12.840815712631734
MDRR,2024-11-26,2024-11-26,0,3,2024-11-26 17:33:21,after_close_same_day,-1.9667297188994528,-1.9667297188994528,-1.6303748563097171
MEC,2024-11-07,2024-11-08,1,4,2024-11-08 14:38:26,intraday_same_day,4.996688586262229,0.0971118436431806,-1.8078287457514783
MERC,2024-09-16,2024-09-17,1,5,,not_found_no_same_day_filing,-1.6806721571498664,-2.2386735751871565,-3.2001114409810865
MGM,2024-08-05,2024-08-06,1,3,2024-08-06 21:12:00,after_close_same_day,6.3505302898753335,3.987374546778913,-0.33692493074180874
MOFG,2025-08-04,2025-08-05,1,4,,not_found_no_cik,1.207487889852156,4.261442439081766,7.367216399556524
MRAI,2024-01-16,2024-01-17,1,3,2024-01-17 16:01:20,after_close_same_day,90.30046799967265,101.95999762949745,21.925941397020164
MRCY,2024-02-12,2024-02-13,1,5,2024-02-13 17:00:15,after_close_same_day,-2.9394386440533777,-6.1594722794865495,-9.908953679907507
MRVL,2025-09-25,2025-09-25,0,4,2025-09-25 15:25:59,intraday_same_day,1.1542621923368441,1.1542621923368441,2.5505738709889676
MSIF,2025-09-30,2025-09-30,0,5,2025-09-30 16:30:09,after_close_same_day,1.158073496400867,1.158073496400867,0.309065907972619
MXCT,2025-08-13,2025-08-13,0,5,2025-08-13 19:48:49,after_close_same_day,1.7759865665669068,1.7759865665669068,2.1666846804899427
MYCB,2025-01-22,2025-01-22,0,3,2025-01-22 17:02:10,after_close_same_day,63.04919197595075,63.04919197595075,-6.112799562519667
NBBK,2024-05-08,2024-05-09,1,3,2024-05-09 16:10:41,after_close_same_day,0.5320434326574279,1.307100437233585,1.1174973757086222
NEOG,2024-04-17,2024-04-17,0,4,2024-04-17 12:04:37,intraday_same_day,0.9236265776664218,0.9236265776664218,-0.5432970042674963
NEWT,2024-06-18,2024-06-18,0,4,2024-06-18 18:36:08,after_close_same_day,-3.510651668976348,-3.510651668976348,-1.168620079285274
NEWT,2024-09-23,2024-09-24,1,4,2024-09-24 15:51:12,intraday_same_day,4.252565461574414,1.6251897144891831,1.7057554881686747
NGNE,2024-11-26,2024-11-27,1,5,2024-11-27 16:39:29,after_close_same_day,-19.216920462419033,-16.07497743574954,-7.5973056450241465
NKE,2025-12-29,2025-12-30,1,3,2025-12-30 21:31:36,after_close_same_day,6.187892438958134,2.9434561930664165,1.319876261365593
NRGV,2025-09-19,2025-09-19,0,3,2025-09-19 16:35:39,after_close_same_day,-2.2890892781531678,-2.2890892781531678,-0.18402019189346053
NTHI,2025-05-23,2025-05-23,0,4,2025-05-24 01:31:11,unknown,-0.13238165254423118,-0.13238165254423118,-1.105547252422957
NUVB,2025-06-18,2025-06-18,0,5,2025-06-18 20:05:21,after_close_same_day,7.3378075191912,7.3378075191912,-5.501866999650735
NVCT,2025-11-05,2025-11-06,1,4,2025-11-06 08:01:11,pre_open_same_day,5.515697817442126,4.151089190019122,-2.097484940004306
OBDC,2025-11-18,2025-11-19,1,4,2025-11-19 17:21:14,after_close_same_day,7.353677938155366,7.117815966822027,4.747031952573065
OMCC,2024-12-18,2024-12-19,1,4,2024-12-19 13:50:40,intraday_same_day,-3.2461758185929965,-3.520277971235065,-0.16549871993054988
OPK,2024-02-07,2024-02-07,0,3,2024-02-07 17:09:25,after_close_same_day,2.9056479128742643,2.9056479128742643,-0.740472022361471
OPRT,2024-12-11,2024-12-11,0,3,2024-12-11 17:32:20,after_close_same_day,-3.249100834143996,-3.249100834143996,2.758176330430283
ORN,2024-03-07,2024-03-07,0,3,2024-03-07 17:13:00,after_close_same_day,13.645712836204751,13.645712836204751,-4.780822591446645
OUST,2024-05-15,2024-05-16,1,3,2024-05-16 20:40:34,after_close_same_day,-4.968109865029317,-2.9141652967786396,-11.331947983274365
OWL,2025-12-02,2025-12-03,1,4,2025-12-03 22:13:16,after_close_same_day,11.58261537005735,5.209020456864509,-0.3870932309087133
PAL,2024-05-13,2024-05-13,0,3,2024-05-13 19:10:01,after_close_same_day,-2.62147508403777,-2.62147508403777,-4.107687311913927
PCSA,2024-02-07,2024-02-08,1,4,2024-02-08 16:30:43,after_close_same_day,5.286816693179725,4.000907287983356,-0.06442042289478389
PDYN,2024-06-10,2024-06-11,1,3,2024-06-11 19:20:19,after_close_same_day,-4.382874627690016,-19.765761059989448,-20.180590181838138
PENN,2025-05-22,2025-05-22,0,3,2025-05-22 21:53:27,after_close_same_day,0.07916103653792872,0.07916103653792872,-4.337843885232651
PEW,2025-08-20,2025-08-20,0,3,2025-08-20 17:30:44,after_close_same_day,5.460917563037112,5.460917563037112,-0.6357762894484524
PLAY,2024-12-19,2024-12-19,0,4,2024-12-19 21:30:03,after_close_same_day,9.359471567432479,9.359471567432479,4.327778671839233
PNFP,2025-08-07,2025-08-08,1,5,,not_found_no_same_day_filing,4.440711329761253,1.5865041051896165,3.139569868759394
POCI,2024-08-15,2024-08-16,1,3,2024-08-16 20:30:33,after_close_same_day,-0.5695372984111774,-0.6355544619937241,0.17899845042115958
PRGO,2025-08-22,2025-08-22,0,4,2025-08-22 17:27:37,after_close_same_day,-1.8243940313801836,-1.8243940313801836,0.34345183009693164
PRMB,2025-11-13,2025-11-14,1,4,2025-11-14 08:00:15,pre_open_same_day,-5.251415939505531,-6.423645893575693,-4.807510258274171
PRME,2025-05-21,2025-05-22,1,3,2025-05-22 16:22:45,after_close_same_day,6.920945771811266,-5.145503906597522,-10.100383510829925
PTLO,2025-08-11,2025-08-11,0,4,2025-08-11 17:47:19,after_close_same_day,-6.0012995706438,-6.0012995706438,-6.739774308640181
QSI,2024-08-12,2024-08-13,1,4,2024-08-13 06:01:28,pre_open_same_day,15.422119746197964,4.618720454611491,11.539944227064566
QTRX,2025-06-13,2025-06-13,0,3,2025-06-13 20:39:15,after_close_same_day,3.1355627008959672,3.1355627008959672,-5.353938313186734
RCUS,2025-02-27,2025-02-27,0,3,2025-02-27 19:06:05,after_close_same_day,3.5262118514946454,3.5262118514946454,-8.956225114019867
RDW,2025-03-19,2025-03-20,1,3,2025-03-20 20:18:29,after_close_same_day,-3.7989639969824793,-13.248919781395903,-21.71570073490484
RDW,2025-11-14,2025-11-14,0,3,2025-11-14 21:07:20,after_close_same_day,-0.11342239634451423,-0.11342239634451423,-1.922207026425308
REFI,2025-10-15,2025-10-16,1,5,2025-10-16 18:11:09,after_close_same_day,2.673061612270047,3.5376806601982844,-2.238183684350701
REKR,2024-05-21,2024-05-22,1,3,2024-05-22 07:08:51,pre_open_same_day,8.682205634648724,5.657194708907414,19.599460415263675
RGEN,2024-06-14,2024-06-14,0,3,2024-06-14 18:07:59,after_close_same_day,-1.883428561147905,-1.883428561147905,-0.8713890701787493
RGP,2025-04-07,2025-04-08,1,3,2025-04-08 17:43:30,after_close_same_day,-0.6498686300681209,-2.401948790067027,-0.09302989244206561
RLI,2025-01-29,2025-01-30,1,5,2025-01-30 09:17:11,pre_open_same_day,6.339096335739886,5.722738937725407,5.02790698559752
RLMD,2024-01-31,2024-01-31,0,3,2024-01-31 23:29:27,after_close_same_day,27.38243491292429,27.38243491292429,13.04800483386943
RLMD,2024-09-11,2024-09-11,0,4,2024-09-11 21:47:15,after_close_same_day,14.303935207171818,14.303935207171818,4.9069805413594665
RLMD,2025-05-20,2025-05-20,0,4,2025-05-20 22:03:44,after_close_same_day,22.304160680013695,22.304160680013695,37.880118978175645
RLMD,2025-11-05,2025-11-06,1,4,2025-11-06 12:30:07,intraday_same_day,54.92091058767742,48.40093236471418,48.91351084153697
RZLT,2025-06-25,2025-06-26,1,4,2025-06-26 09:07:55,pre_open_same_day,10.04456561596423,9.631486592313664,13.544418346421503
RZLT,2025-12-16,2025-12-17,1,5,2025-12-17 16:14:55,after_close_same_day,18.16354918337313,33.18763588353932,41.97687206867497
SABR,2024-05-15,2024-05-15,0,5,2024-05-15 16:22:54,after_close_same_day,-7.895864324189583,-7.895864324189583,-3.0435040451635675
SAIC,2025-12-16,2025-12-17,1,3,2025-12-17 21:01:55,after_close_same_day,0.6635100557849378,-2.7793484372978483,-0.39192092147854996
SCLX,2024-05-17,2024-05-17,0,4,2024-05-17 18:42:21,after_close_same_day,25.55745431574205,25.55745431574205,-10.696655625065594
SELF,2025-05-21,2025-05-22,1,3,2025-05-22 16:28:04,after_close_same_day,1.6286866645551594,2.330667440858082,-0.36647470434597795
SIGI,2025-03-03,2025-03-03,0,3,2025-03-03 16:05:42,after_close_same_day,0.7610653821915796,0.7610653821915796,1.2160131975607986
SINT,2025-08-26,2025-08-27,1,3,2025-08-27 08:00:03,pre_open_same_day,39.51051419624034,15.48794667432474,30.21172853206505
SM,2025-03-04,2025-03-05,1,3,2025-03-05 16:13:00,after_close_same_day,4.392575192186716,12.36101067131466,9.684267277910209
SMRT,2025-03-13,2025-03-13,0,3,2025-03-13 16:07:32,after_close_same_day,7.633588362411503,7.633588362411503,-1.3567960435927695
SNBR,2025-05-13,2025-05-14,1,3,2025-05-14 16:01:01,after_close_same_day,9.179957562286486,7.907577389927645,-0.7207339400529489
SNDA,2024-11-18,2024-11-19,1,4,2024-11-19 16:47:54,after_close_same_day,15.822717814286019,15.220155475890358,7.255714694940735
SON,2025-05-02,2025-05-02,0,3,2025-05-02 17:46:02,after_close_same_day,0.7574365734161816,0.7574365734161816,-0.1733052566237383
SPMC,2024-06-17,2024-06-18,1,3,2024-06-18 17:19:49,after_close_same_day,-0.5042723988380572,-0.3754425281877027,-0.24702070598336856
SRBK,2024-06-18,2024-06-18,0,3,2024-06-18 15:22:55,intraday_same_day,0.9883209242256314,0.9883209242256314,0.009849944017814416
SRBK,2025-03-19,2025-03-20,1,5,2025-03-20 13:49:50,intraday_same_day,5.712744728118584,4.158543280034344,4.528670906539691
SRTS,2025-11-21,2025-11-21,0,3,2025-11-21 14:28:31,intraday_same_day,-3.7204313480144124,-3.7204313480144124,-0.9190626957182508
STRW,2024-12-12,2024-12-13,1,3,2024-12-13 06:04:16,pre_open_same_day,2.7259368876317867,6.14168562032383,6.303911754960229
TALK,2025-03-05,2025-03-05,0,3,2025-03-05 21:00:06,after_close_same_day,7.047349708139592,7.047349708139592,0.22091644311997038
TCBX,2025-04-30,2025-04-30,0,4,2025-04-30 18:02:49,after_close_same_day,-1.3597747614747617,-1.3597747614747617,0.3376319759626296
TCPC,2024-09-10,2024-09-10,0,3,2024-09-10 17:00:13,after_close_same_day,-5.194384255047904,-5.194384255047904,-4.719115443087821
TCPC,2025-03-21,2025-03-21,0,4,2025-03-21 18:55:17,after_close_same_day,4.838733115299874,4.838733115299874,4.467283468801166
TELA,2024-10-24,2024-10-24,0,4,2024-10-24 16:26:40,after_close_same_day,10.744725641392748,10.744725641392748,2.780190301014926
TFX,2025-08-06,2025-08-07,1,5,2025-08-07 18:02:01,after_close_same_day,7.767664058325691,3.195226763268685,1.2206205826699377
TLRY,2024-01-17,2024-01-18,1,4,2024-01-18 08:32:10,pre_open_same_day,-7.14265561257972,0.1554369314370736,-5.532258270679393
TLS,2024-05-24,2024-05-24,0,4,2024-05-24 16:56:12,after_close_same_day,5.865330708778415,5.865330708778415,-11.705381908803117
TLS,2024-08-14,2024-08-14,0,4,2024-08-14 16:42:54,after_close_same_day,63.184516601778036,63.184516601778036,19.64706727326941
TLSI,2025-02-05,2025-02-06,1,3,2025-02-06 23:09:01,after_close_same_day,5.39562198343748,2.22570235552958,-0.05015028006140154
TRIN,2025-11-19,2025-11-20,1,3,2025-11-20 19:00:08,after_close_same_day,0.13902638565622683,-1.0177934567899403,-1.6201244730860846
TSE,2024-08-19,2024-08-20,1,3,,not_found_no_cik,37.55349365031052,30.348631011755103,23.490750394997885
UHG,2024-06-10,2024-06-11,1,4,2024-06-12 01:19:01,unknown,15.188503677934543,1.8647772075694635,-7.463859812209079
UHG,2024-12-12,2024-12-13,1,4,2024-12-13 23:15:44,after_close_same_day,-2.865783993502233,-4.445823421855167,-6.3792463152263705
UMAC,2024-10-30,2024-10-31,1,3,2024-10-31 20:02:18,after_close_same_day,12.556130058115908,28.412186143431796,67.92310594437971
UNH,2025-05-16,2025-05-16,0,5,2025-05-16 22:11:47,after_close_same_day,3.7933678306305705,3.7933678306305705,-5.99108804118351
VNRX,2024-12-09,2024-12-10,1,4,2024-12-10 16:01:29,after_close_same_day,4.735812719565038,1.476960430866968,-2.66719011361657
VRCA,2025-11-25,2025-11-25,0,5,2025-11-25 19:00:16,after_close_same_day,44.77971190389557,44.77971190389557,24.791385597501073
VSTS,2025-12-17,2025-12-17,0,4,2025-12-17 18:20:39,after_close_same_day,-6.291696557433465,-6.291696557433465,-7.282137862762969
WES,2024-03-06,2024-03-06,0,5,2024-03-06 16:05:04,after_close_same_day,-3.3509133200175008,-3.3509133200175008,-2.72600323360773
