ticker,cluster_date
LAB,2025-02-28
TBN,2024-06-28
LAB,2024-05-15
NEXT,2025-09-16
LAB,2024-08-02
IMG,2025-03-18
SNDA,2025-01-08
LAB,2024-03-04
WSBC,2025-09-17
STCN,2024-09-01
ACET,2025-10-08
SKYE,2024-03-13
CALC,2024-01-23
RM,2024-05-06
OFIX,2025-05-07
LAB,2025-11-07
DCOM,2025-06-09
SNDA,2024-10-10
RMCF,2024-01-31
STCN,2024-06-10
LAB,2025-08-13
STCN,2024-04-10
CTRI,2024-04-22
ONEW,2025-05-20
QRHC,2024-03-13
COFS,2024-07-25
RMCF,2025-10-17
MOFG,2024-09-30
RMCF,2024-10-18
BLND,2025-11-10
LGF,2024-06-12
SEPN,2025-02-20
ACHR,2024-12-11
SRZN,2025-11-13
MSTR,2025-07-29
BLND,2025-08-18
ORKA,2025-02-10
RYES,2025-10-24
CLYM,2025-12-11
LGF,2025-01-16
DCOM,2024-01-30
KALV,2025-01-30
ZETA,2024-11-18
COSO,2025-07-02
IVFH,2024-12-09
RRGB,2024-10-15
FEAM,2025-08-25
CIVI,2025-05-09
RM,2024-02-14
SFNC,2025-07-23
