ticker,cluster_date,n_insiders,total_value,window_start,window_end
IMRA,2023-01-03,4,10068752.0,2023-01-03,2023-01-03
CODI,2023-01-03,8,843690.39,2023-01-03,2023-01-03
LFHAX,2023-01-04,5,6065000.0,2023-01-04,2023-01-04
FULC,2023-01-04,4,5261144.88,2023-01-04,2023-01-04
CMRA,2023-01-04,3,1263240.75,2023-01-04,2023-01-04
ALTI,2023-01-05,3,1580770.98,2023-01-05,2023-01-05
XOMA,2023-01-05,10,3494100.0,2023-01-05,2023-01-05
SRRK,2023-01-05,8,3640491.36,2023-01-05,2023-01-05
HOWL,2023-01-06,4,16380520.0,2023-01-06,2023-01-06
GEG,2023-01-06,4,4000612.0,2023-01-06,2023-01-06
BTMD,2023-01-09,3,940050.0,2023-01-09,2023-01-09
NGM,2023-01-10,21,34021112.4,2023-01-10,2023-01-10
APPN,2023-01-11,5,43088876.6,2023-01-11,2023-01-11
KYMR,2023-01-11,10,12512101.8,2023-01-11,2023-01-11
CCO,2023-01-13,14,6880500.0,2023-01-13,2023-01-13
SNDA,2023-01-13,5,387000.0,2023-01-13,2023-01-13
ACHR,2023-01-13,4,263141.62,2023-01-12,2023-01-13
PLAY,2023-01-13,3,327708.35,2023-01-11,2023-01-13
XOS,2023-01-17,3,659922.17,2023-01-03,2023-01-17
TNYA,2023-01-17,7,3255676.41,2023-01-17,2023-01-17
ISRL,2023-01-18,3,1125000.0,2023-01-18,2023-01-18
GLT,2023-01-20,6,9270000.0,2023-01-20,2023-01-20
WLDN,2023-01-24,3,2791297.44,2023-01-24,2023-01-24
JSPR,2023-01-27,13,58299991.5,2023-01-27,2023-01-27
SODI,2023-01-27,4,928928.0,2023-01-27,2023-01-27
TFIN,2023-01-30,5,3599370.93,2023-01-30,2023-01-30
WGS,2023-01-31,4,54999999.25,2023-01-26,2023-01-31
GREE,2023-01-31,4,3999999.36,2023-01-31,2023-01-31
RYES,2023-01-31,3,550000.0,2023-01-31,2023-01-31
ADES,2023-02-01,3,7526928.0,2023-02-01,2023-02-01
QDMI,2023-02-01,4,1960000.0,2023-02-01,2023-02-01
VERA,2023-02-06,13,84409538.2,2023-02-03,2023-02-06
NEE,2023-02-06,3,574472.64,2023-02-06,2023-02-06
ONEW,2023-02-07,8,647592.4,2023-02-06,2023-02-07
RILY,2023-02-08,3,6980786.14,2023-01-09,2023-02-08
IVFH,2023-02-08,6,540000.0,2023-02-08,2023-02-08
UTRS,2023-02-09,6,29325512.4,2023-02-09,2023-02-09
RILY,2023-02-09,3,6743761.14,2023-02-08,2023-02-09
CNC,2023-02-09,3,1487091.0,2023-02-08,2023-02-09
FRSH,2023-02-10,4,17651253.44,2023-02-10,2023-02-10
FBIO,2023-02-10,3,3269459.76,2023-02-10,2023-02-10
ASPS,2023-02-10,6,13166040.0,2023-02-10,2023-02-10
VAPO,2023-02-10,4,1174998.3,2023-02-10,2023-02-10
PET,2023-02-10,6,15720186.24,2023-02-10,2023-02-10
HRTG,2023-02-13,6,2380929.6,2023-02-13,2023-02-13
PRPL,2023-02-13,6,160928640.0,2023-02-13,2023-02-13
NSIT,2023-02-14,7,76336195.04,2023-02-14,2023-02-14
MLYS,2023-02-14,11,143100000.0,2023-02-14,2023-02-14
GLYC,2023-02-15,8,24253175.04,2023-02-15,2023-02-15
SDPI,2023-02-15,6,490643.46,2023-02-15,2023-02-15
IRON,2023-02-15,9,52500076.0,2023-02-15,2023-02-15
FIS,2023-02-15,3,407880.87,2023-02-15,2023-02-15
NUVB,2023-02-19,6,40269096.0,2023-02-19,2023-02-19
LNKB,2023-02-21,4,8700010.8,2023-02-21,2023-02-21
PI,2023-02-23,3,57904554.72,2023-02-10,2023-02-23
BFI,2023-02-24,3,1208000.0,2023-02-24,2023-02-24
RMAX,2023-02-24,3,670719.42,2023-02-24,2023-02-24
LAZY,2023-02-27,5,1935573.1,2023-02-27,2023-02-27
OMGA,2023-02-27,4,76834927.2,2023-02-27,2023-02-27
PHGE,2023-02-27,4,348000.0,2023-02-27,2023-02-27
DLHC,2023-02-28,8,443513.2,2023-02-28,2023-02-28
GEG,2023-03-01,3,198288.09,2023-03-01,2023-03-01
BECN,2023-03-01,3,12250682.6,2023-01-30,2023-03-01
KDP,2023-03-03,3,3345960.0,2023-02-27,2023-03-03
IHRT,2023-03-07,3,1143579.62,2023-03-03,2023-03-07
NICK,2023-03-07,4,280400.0,2023-02-23,2023-03-07
FPI,2023-03-07,3,255759.0,2023-02-27,2023-03-07
IOSP,2023-03-07,3,232629.32,2023-03-02,2023-03-07
TTI,2023-03-08,3,257100.0,2023-03-07,2023-03-08
PFBX,2023-03-08,5,350000.0,2023-03-08,2023-03-08
SMMT,2023-03-08,3,444927346.5,2023-03-06,2023-03-08
PACW,2023-03-09,3,840923.0,2023-03-09,2023-03-09
ZIMV,2023-03-10,3,512645.75,2023-03-06,2023-03-10
TLYS,2023-03-10,3,5422287.93,2023-03-10,2023-03-10
MYOV,2023-03-10,3,4179535200.0,2023-03-10,2023-03-10
SWX,2023-03-10,3,516752621.55,2023-03-10,2023-03-10
MIRO,2023-03-10,7,350000.0,2023-03-10,2023-03-10
HHC,2023-03-13,3,13996130.67,2023-03-13,2023-03-13
HTLD,2023-03-13,4,6739804.96,2023-03-13,2023-03-13
JNCE,2023-03-13,3,195131.97,2023-03-13,2023-03-13
AESI,2023-03-13,3,5301000.0,2023-03-13,2023-03-13
GBCI,2023-03-13,3,324741.1,2023-03-10,2023-03-13
NMFC,2023-03-13,3,2521695.0,2023-03-10,2023-03-13
FYBR,2023-03-13,42,188461015.48,2023-03-13,2023-03-13
GTLB,2023-03-13,4,75952212.0,2023-03-13,2023-03-13
CFR,2023-03-13,4,1928005.0,2023-03-13,2023-03-13
VLY,2023-03-14,4,2376310.74,2023-03-14,2023-03-14
FFIN,2023-03-14,3,521673.7,2023-03-08,2023-03-14
DVN,2023-03-14,3,2374420.9,2023-02-17,2023-03-14
CUBI,2023-03-14,3,660150.0,2023-03-13,2023-03-14
SCHW,2023-03-14,6,5071482.56,2023-03-14,2023-03-14
AMAM,2023-03-14,4,40850000.0,2023-03-14,2023-03-14
PFMT,2023-03-15,5,3992420.6,2023-03-15,2023-03-15
HASI,2023-03-16,3,386440.0,2023-03-16,2023-03-16
PET,2023-03-16,6,7985934.48,2023-03-16,2023-03-16
NDLS,2023-03-17,5,2320000.0,2023-03-17,2023-03-17
WEST,2023-03-17,3,867695.12,2023-03-17,2023-03-17
BNL,2023-03-17,4,436469.54,2023-02-27,2023-03-17
MODV,2023-03-17,6,12652644.78,2023-03-17,2023-03-17
CODI,2023-03-20,4,366012.96,2023-03-20,2023-03-20
CBU,2023-03-20,3,324160.0,2023-03-14,2023-03-20
PDM,2023-03-20,3,625390.0,2023-03-15,2023-03-20
VTS,2023-03-20,4,928894.28,2023-03-15,2023-03-20
MACK,2023-03-21,4,7399987.2,2023-03-21,2023-03-21
BRT,2023-03-21,3,271496.55,2023-03-21,2023-03-21
PLBY,2023-03-21,5,56304071.68,2023-03-21,2023-03-21
CTM,2023-03-21,6,1019874199.0,2023-03-03,2023-03-21
CRK,2023-03-23,3,450400.0,2023-03-15,2023-03-23
DICE,2023-03-23,5,67286862.2,2023-03-23,2023-03-23
ELUT,2023-03-23,3,447000.0,2023-03-23,2023-03-23
AZYO,2023-03-23,3,447000.0,2023-03-23,2023-03-23
HLGN,2023-03-23,3,922143.06,2023-03-23,2023-03-23
MONIX,2023-03-24,5,30000000.26,2023-03-24,2023-03-24
ETNB,2023-03-24,5,199999962.5,2023-03-24,2023-03-24
UEC,2023-03-24,3,367185.0,2023-03-24,2023-03-24
TRSSF,2023-03-27,5,318818.0,2023-03-27,2023-03-27
CQP,2023-03-27,14,48863033.38,2023-03-27,2023-03-27
ACDC,2023-03-28,3,33035964.75,2023-03-28,2023-03-28
LSAK,2023-03-28,3,818866.05,2023-03-28,2023-03-28
UTI,2023-03-28,5,4961943.5,2023-03-28,2023-03-28
ATAI,2023-03-29,3,3309344.08,2023-03-29,2023-03-29
BMEA,2023-03-30,4,48000000.0,2023-03-30,2023-03-30
SUP,2023-03-30,3,805176.42,2023-03-30,2023-03-30
AREN,2023-03-31,6,19025009.64,2023-03-06,2023-03-31
NNBR,2023-03-31,5,2530023.1,2023-03-31,2023-03-31
CWEN,2023-03-31,11,24663947.0,2023-03-31,2023-03-31
DOMO,2023-03-31,3,13123740.2,2023-03-08,2023-03-31
FOA,2023-03-31,32,480000034.56,2023-03-31,2023-03-31
SPG,2023-03-31,3,190999.51,2023-03-31,2023-03-31
OCX,2023-04-03,3,24144874.2,2023-04-03,2023-04-03
APPN,2023-04-03,6,1686374.1,2023-04-03,2023-04-03
CSSE,2023-04-03,3,12834103.5,2023-04-03,2023-04-03
BRN,2023-04-03,3,1650325.95,2023-04-03,2023-04-03
CEMI,2023-04-04,3,999743.16,2023-04-04,2023-04-04
ALTG,2023-04-04,5,3171300.0,2023-03-14,2023-04-04
SFBC,2023-04-05,6,555000.0,2023-04-05,2023-04-05
PRDS,2023-04-05,5,6965568.0,2023-04-05,2023-04-05
NOGN,2023-04-06,5,4985481.0,2023-04-06,2023-04-06
PIII,2023-04-06,5,27960808.0,2023-04-06,2023-04-06
BTTX,2023-04-10,5,8953938.74,2023-04-10,2023-04-10
DOMO,2023-04-12,3,12201940.2,2023-03-31,2023-04-12
FSNB,2023-04-19,5,1863680.0,2023-04-19,2023-04-19
REPX,2023-04-19,3,394110.0,2023-04-19,2023-04-19
SFBS,2023-04-21,3,300429.4,2023-04-20,2023-04-21
NDLS,2023-04-24,5,2497956.75,2023-04-24,2023-04-24
TMQ,2023-04-25,6,7199999.4,2023-04-25,2023-04-25
KNTE,2023-04-28,8,29391206.64,2023-04-28,2023-04-28
FBSPX,2023-04-28,3,75000000.16,2023-04-28,2023-04-28
SRRK,2023-04-28,8,1623292.08,2023-04-28,2023-04-28
FFIN,2023-05-01,3,266015.0,2023-04-27,2023-05-01
SFNC,2023-05-01,3,443790.0,2023-04-28,2023-05-01
CLF,2023-05-01,3,1703221.0,2023-04-27,2023-05-01
FBK,2023-05-02,3,1799333.06,2023-04-18,2023-05-02
REFLX,2023-05-02,3,1299950.01,2023-04-24,2023-05-02
TRNR,2023-05-02,6,7885137.5,2023-05-02,2023-05-02
FSBC,2023-05-02,3,258675.0,2023-04-27,2023-05-02
GTLB,2023-05-03,4,77896465.52,2023-05-03,2023-05-03
ZION,2023-05-03,3,2046915.0,2023-04-28,2023-05-03
TCRR,2023-05-03,3,1541083.56,2023-05-03,2023-05-03
STEL,2023-05-03,3,3151873.84,2023-05-02,2023-05-03
INDB,2023-05-04,3,207130.98,2023-04-28,2023-05-04
ONB,2023-05-04,3,268054.0,2023-04-28,2023-05-04
EWBC,2023-05-04,3,849701.2,2023-05-04,2023-05-04
SNV,2023-05-04,3,281451.0,2023-05-01,2023-05-04
ADT,2023-05-04,4,618340.0,2023-05-04,2023-05-04
KDP,2023-05-04,4,3074926.64,2023-05-03,2023-05-04
BFST,2023-05-04,4,530317.5,2023-05-02,2023-05-04
HTLD,2023-05-04,5,4631031.49,2023-05-03,2023-05-04
MGTX,2023-05-05,3,74999998.5,2023-05-05,2023-05-05
USB,2023-05-05,3,1948688.3,2023-04-20,2023-05-05
IBTX,2023-05-05,3,309190.0,2023-05-04,2023-05-05
MODV,2023-05-08,6,59013197.28,2023-05-08,2023-05-08
EVA,2023-05-08,3,2206224.08,2023-05-05,2023-05-08
CMCT,2023-05-08,4,11232828.0,2023-05-08,2023-05-08
FDMT,2023-05-09,8,108800000.0,2023-05-09,2023-05-09
BANF,2023-05-09,3,492106.0,2023-04-26,2023-05-09
USCB,2023-05-09,3,393762.0,2023-05-09,2023-05-09
SLRN,2023-05-09,10,92602008.0,2023-05-09,2023-05-09
CFR,2023-05-10,3,722125.0,2023-05-04,2023-05-10
ALB,2023-05-10,3,1489774.2,2023-05-05,2023-05-10
PFMT,2023-05-10,5,391500.0,2023-05-10,2023-05-10
PZG,2023-05-10,3,4128000.0,2023-05-10,2023-05-10
TSN,2023-05-11,3,1051219.26,2023-05-09,2023-05-11
DTM,2023-05-11,3,233545.0,2023-05-08,2023-05-11
INBK,2023-05-12,3,359050.0,2023-05-10,2023-05-12
BW,2023-05-12,4,2115163.68,2023-05-12,2023-05-12
NSPR,2023-05-12,4,684591.85,2023-05-12,2023-05-12
KREF,2023-05-12,3,454000.0,2023-04-27,2023-05-12
LSAK,2023-05-12,3,793596.09,2023-05-12,2023-05-12
FARO,2023-05-15,3,504899.05,2023-05-12,2023-05-15
RBA,2023-05-15,3,269815.6,2023-05-15,2023-05-15
PIII,2023-05-15,6,2584631.95,2023-05-12,2023-05-15
BLFS,2023-05-16,4,6380900.4,2023-05-16,2023-05-16
OUST,2023-05-16,3,918179.0,2023-05-16,2023-05-16
AREN,2023-05-16,5,892500.0,2023-05-16,2023-05-16
AVD,2023-05-16,3,1720326.5,2023-05-15,2023-05-16
BOKF,2023-05-16,3,354554.4,2023-05-01,2023-05-16
SLQT,2023-05-16,5,1159000.0,2023-05-16,2023-05-16
PFIS,2023-05-17,3,284904.9,2023-05-15,2023-05-17
ADC,2023-05-17,3,1967260.75,2023-05-08,2023-05-17
FSTR,2023-05-17,5,1724955.6,2023-05-17,2023-05-17
LAB,2023-05-17,7,18399500.0,2023-05-17,2023-05-17
ADV,2023-05-18,3,498736.43,2023-05-12,2023-05-18
GEG,2023-05-18,8,4677835.39,2023-05-18,2023-05-18
TNDM,2023-05-18,3,483981.55,2023-05-12,2023-05-18
ACDC,2023-05-18,4,18689076.25,2023-05-17,2023-05-18
PRAA,2023-05-18,3,1122915.0,2023-05-17,2023-05-18
SLNO,2023-05-19,3,1218225.0,2023-05-19,2023-05-19
LAZY,2023-05-19,5,40971112.0,2023-05-19,2023-05-19
MODG,2023-05-22,3,377110.0,2023-05-11,2023-05-22
ACAD,2023-05-22,6,136238206.26,2023-05-22,2023-05-22
LDOS,2023-05-22,3,986303.0,2023-05-04,2023-05-22
PRLD,2023-05-22,4,19999995.0,2023-05-22,2023-05-22
SWX,2023-05-22,3,15573235.14,2023-05-22,2023-05-22
UFCS,2023-05-23,3,726600.0,2023-05-11,2023-05-23
ABCB,2023-05-23,3,1169316.2,2023-05-01,2023-05-23
MKL,2023-05-24,3,235358.5,2023-04-28,2023-05-24
BVS,2023-05-24,3,3104115.34,2023-05-19,2023-05-24
BRN,2023-05-25,3,1341753.48,2023-05-25,2023-05-25
RM,2023-05-25,8,8705009.12,2023-05-25,2023-05-25
ANNX,2023-05-25,4,2556000.0,2023-05-25,2023-05-25
NSTG,2023-05-26,3,461826.0,2023-05-24,2023-05-26
SIRE,2023-05-26,6,788662350.0,2023-05-26,2023-05-26
PRPL,2023-05-26,3,256417.5,2023-05-15,2023-05-26
AUID,2023-05-26,3,150000.0,2023-05-26,2023-05-26
ORCC,2023-05-26,3,1128669.66,2023-05-19,2023-05-26
RAIN,2023-05-30,3,3329812.44,2023-05-30,2023-05-30
FBK,2023-05-30,3,876354.11,2023-05-02,2023-05-30
ZD,2023-05-31,3,765310.0,2023-05-30,2023-05-31
LYRA,2023-05-31,12,71061173.76,2023-05-31,2023-05-31
SBIG,2023-05-31,3,444517.2,2023-05-31,2023-05-31
FSCO,2023-06-01,4,1426880.0,2023-05-31,2023-06-01
PNNT,2023-06-01,3,645270.0,2023-05-15,2023-06-01
LXRX,2023-06-05,10,722151300.0,2023-06-05,2023-06-05
GCO,2023-06-05,3,466468.7,2023-05-30,2023-06-05
LFMD,2023-06-05,3,413787.22,2023-05-22,2023-06-05
AMPS,2023-06-06,9,10962935.0,2023-05-19,2023-06-06
AAP,2023-06-07,3,700706.35,2023-06-07,2023-06-07
HLGN,2023-06-07,3,2578229.73,2023-06-07,2023-06-07
ZUMZ,2023-06-09,3,1237850.1,2023-06-05,2023-06-09
GME,2023-06-09,4,20338511.16,2023-06-09,2023-06-09
DAWN,2023-06-09,4,39999960.0,2023-06-09,2023-06-09
BNKL,2023-06-09,3,606666.0,2023-06-09,2023-06-09
SLGD,2023-06-12,6,5405425.74,2023-06-12,2023-06-12
BKTI,2023-06-12,4,359260.0,2023-06-12,2023-06-12
JYNT,2023-06-12,3,836434.38,2023-06-12,2023-06-12
AKYA,2023-06-12,6,12016940.0,2023-06-12,2023-06-12
RMAX,2023-06-13,3,910560.0,2023-06-13,2023-06-13
SFBC,2023-06-14,6,1597500.0,2023-06-14,2023-06-14
CLNN,2023-06-16,4,9200000.0,2023-06-16,2023-06-16
AZTR,2023-06-21,18,54000000.0,2023-06-21,2023-06-21
UTI,2023-06-21,5,10260689.25,2023-06-21,2023-06-21
CAPIX,2023-06-22,6,17150000.04,2023-06-08,2023-06-22
DMAC,2023-06-23,6,15554150.17,2023-06-23,2023-06-23
MPAA,2023-06-23,3,1050000.0,2023-06-23,2023-06-23
RMBL,2023-06-23,3,9154000.0,2023-06-16,2023-06-23
ACET,2023-06-27,10,18287500.0,2023-06-27,2023-06-27
TRSSF,2023-06-28,4,4800012.0,2023-06-28,2023-06-28
IGMS,2023-06-29,3,2415169.32,2023-06-26,2023-06-29
AENT,2023-06-30,4,999600.0,2023-06-30,2023-06-30
KGS,2023-07-03,3,576000.0,2023-07-03,2023-07-03
BDTX,2023-07-05,8,57501450.0,2023-06-27,2023-07-05
EPSN,2023-07-06,4,1848036.0,2023-06-09,2023-07-06
EVLO,2023-07-11,8,99999992.4,2023-07-11,2023-07-11
APGE,2023-07-13,7,329749952.0,2023-07-13,2023-07-13
THRX,2023-07-17,9,16250170.4,2023-07-17,2023-07-17
SVRA,2023-07-17,13,12999987.0,2023-07-17,2023-07-17
MLKN,2023-07-18,3,399208.8,2023-07-17,2023-07-18
RMCF,2023-07-18,7,507048.0,2023-07-18,2023-07-18
SLGD,2023-07-18,6,1394052.66,2023-07-18,2023-07-18
STCN,2023-07-18,8,688000.0,2023-07-18,2023-07-18
SGMT,2023-07-18,7,3630000.0,2023-07-18,2023-07-18
JANX,2023-07-19,5,30838998.4,2023-07-19,2023-07-19
HPK,2023-07-19,8,92967525.0,2023-07-19,2023-07-19
TSBX,2023-07-20,3,14999976.0,2023-07-20,2023-07-20
TGAN,2023-07-21,9,51558843.6,2023-07-21,2023-07-21
ABOS,2023-07-21,5,199999987.5,2023-07-21,2023-07-21
SYM,2023-07-23,8,4000000012.8,2023-07-23,2023-07-23
SDPI,2023-07-24,6,1093836.9,2023-07-24,2023-07-24
RILY,2023-07-25,3,4549985.0,2023-07-25,2023-07-25
YELL,2023-07-26,6,26167435.92,2023-07-26,2023-07-26
BTTX,2023-07-27,4,1700232.05,2023-07-27,2023-07-27
SHYF,2023-07-28,3,268805.16,2023-07-28,2023-07-28
CMRA,2023-07-31,3,728214.21,2023-07-31,2023-07-31
INZY,2023-08-01,4,15999993.6,2023-08-01,2023-08-01
ADC,2023-08-02,3,3258225.45,2023-08-02,2023-08-02
WLDN,2023-08-03,3,23259447.21,2023-08-03,2023-08-03
SUP,2023-08-03,3,747352.8,2023-08-03,2023-08-03
EXFY,2023-08-04,4,11981740.72,2023-08-04,2023-08-04
ZBRA,2023-08-07,3,1508453.0,2023-08-03,2023-08-07
MACK,2023-08-07,4,10634400.0,2023-08-07,2023-08-07
LOCO,2023-08-07,3,6678693.6,2023-08-07,2023-08-07
RBOT,2023-08-07,8,64000000.0,2023-08-07,2023-08-07
WEST,2023-08-07,10,218901920.0,2023-08-03,2023-08-07
MODV,2023-08-08,6,93469276.62,2023-08-08,2023-08-08
ONEW,2023-08-08,6,1585800.0,2023-08-08,2023-08-08
BLFS,2023-08-09,4,3086952.0,2023-08-09,2023-08-09
SABR,2023-08-09,3,920410.89,2023-08-08,2023-08-09
IOBT,2023-08-09,5,29012338.45,2023-08-09,2023-08-09
BVS,2023-08-10,3,2899682.85,2023-08-10,2023-08-10
RBA,2023-08-10,3,356557.0,2023-08-08,2023-08-10
EMBC,2023-08-10,3,311076.5,2023-08-10,2023-08-10
TSVT,2023-08-10,5,17821574.4,2023-08-10,2023-08-10
TNGX,2023-08-11,5,12231250.0,2023-08-11,2023-08-11
CROX,2023-08-11,3,1556882.65,2023-07-28,2023-08-11
CAPIX,2023-08-11,3,450000.03,2023-07-18,2023-08-11
XPOF,2023-08-11,6,991962.9,2023-08-11,2023-08-11
MRTX,2023-08-11,8,490292281.4,2023-08-11,2023-08-11
ALTG,2023-08-14,3,386440.0,2023-08-14,2023-08-14
NLTX,2023-08-15,6,8354612.82,2023-08-15,2023-08-15
BRN,2023-08-15,3,465846.87,2023-08-15,2023-08-15
PGEN,2023-08-15,3,2443715.53,2023-08-14,2023-08-15
QNCX,2023-08-15,3,591418.08,2023-08-08,2023-08-15
HTLD,2023-08-15,5,7005098.8,2023-08-08,2023-08-15
GLT,2023-08-15,6,2940000.0,2023-08-15,2023-08-15
SSKN,2023-08-16,5,5095904.0,2023-08-16,2023-08-16
HQI,2023-08-16,3,527500.0,2023-08-15,2023-08-16
SKIN,2023-08-16,3,688617.4,2023-08-16,2023-08-16
HHH,2023-08-16,3,3672112.8,2023-08-16,2023-08-16
FNKO,2023-08-16,3,7912211.94,2023-08-16,2023-08-16
TSHA,2023-08-16,4,16020000.0,2023-08-16,2023-08-16
HHC,2023-08-16,3,3672112.8,2023-08-16,2023-08-16
FWRD,2023-08-17,4,1481391.0,2023-08-17,2023-08-17
HASI,2023-08-18,3,421550.0,2023-08-18,2023-08-18
MRCY,2023-08-18,4,4329922.15,2023-08-18,2023-08-18
ANTX,2023-08-18,5,80000010.0,2023-08-18,2023-08-18
BYTS,2023-08-21,4,21140000.0,2023-08-21,2023-08-21
FYBR,2023-08-22,42,151485373.82,2023-08-22,2023-08-22
SOC,2023-08-22,3,94200055.0,2023-08-22,2023-08-22
RRGB,2023-08-22,3,4701905.44,2023-08-22,2023-08-22
PIII,2023-08-24,4,1058400.0,2023-08-24,2023-08-24
SCTL,2023-08-24,3,5056000.0,2023-08-23,2023-08-24
SOWG,2023-08-25,4,1450000.0,2023-08-25,2023-08-25
INBX,2023-08-28,6,59399894.7,2023-08-28,2023-08-28
RM,2023-08-28,8,621128.64,2023-08-28,2023-08-28
NH,2023-08-28,4,63994528.64,2023-08-28,2023-08-28
LYFT,2023-08-28,3,2247944.58,2023-08-11,2023-08-28
ZBH,2023-08-28,4,615835.0,2023-08-23,2023-08-28
CCIF,2023-08-28,5,145917776.5,2023-08-28,2023-08-28
SPRY,2023-08-29,9,128650000.0,2023-08-29,2023-08-29
VVV,2023-08-30,3,601606.24,2023-08-28,2023-08-30
DCOM,2023-08-30,8,39664055.76,2023-08-30,2023-08-30
BHRB,2023-08-31,3,262342.5,2023-08-29,2023-08-31
DOUG,2023-08-31,3,259600.0,2023-08-21,2023-08-31
ET,2023-09-01,3,39704500.0,2023-08-17,2023-09-01
KGS,2023-09-01,3,461704.7,2023-08-15,2023-09-01
TRSSF,2023-09-05,4,876000.0,2023-09-05,2023-09-05
STAA,2023-09-05,4,23703361.32,2023-08-07,2023-09-05
AXGN,2023-09-06,3,188900.0,2023-08-16,2023-09-06
PVBC,2023-09-06,5,252606.75,2023-09-06,2023-09-06
RMAX,2023-09-06,3,988898.97,2023-09-06,2023-09-06
CAPIX,2023-09-06,3,1300000.05,2023-08-10,2023-09-06
MGNX,2023-09-07,3,2177650.0,2023-08-30,2023-09-07
SR,2023-09-07,3,414675.0,2023-08-17,2023-09-07
ASPS,2023-09-08,3,300002.4,2023-09-08,2023-09-08
SWX,2023-09-08,3,23546841.09,2023-09-08,2023-09-08
TSNDF,2023-09-08,4,219000.0,2023-09-08,2023-09-08
DNTH,2023-09-11,3,815039.61,2023-09-11,2023-09-11
GATO,2023-09-11,3,395475.15,2023-09-11,2023-09-11
REFLX,2023-09-12,3,2449925.09,2023-08-16,2023-09-12
OLMA,2023-09-12,11,155055153.1,2023-09-12,2023-09-12
SFBC,2023-09-14,6,555000.0,2023-09-14,2023-09-14
TSE,2023-09-14,3,359310.0,2023-09-12,2023-09-14
RBA,2023-09-14,3,330660.0,2023-08-17,2023-09-14
VTS,2023-09-14,3,674940.0,2023-08-21,2023-09-14
AMAM,2023-09-15,4,78500052.68,2023-09-15,2023-09-15
SLQT,2023-09-15,3,647505.0,2023-09-15,2023-09-15
BKSC,2023-09-18,3,473000.0,2023-08-30,2023-09-18
GRNT,2023-09-18,5,372028.68,2023-09-15,2023-09-18
RYZB,2023-09-19,12,408500028.0,2023-09-19,2023-09-19
CART,2023-09-19,8,1380720.0,2023-09-19,2023-09-19
NMRA,2023-09-19,20,514689285.0,2023-09-19,2023-09-19
REPX,2023-09-19,3,9075000.0,2023-09-19,2023-09-19
TKNO,2023-09-19,7,61699990.1,2023-09-19,2023-09-19
NUVB,2023-09-19,6,40269096.0,2023-09-19,2023-09-19
MEIP,2023-09-20,9,7506048.0,2023-09-20,2023-09-20
CHPT,2023-09-20,4,32865000.0,2023-09-13,2023-09-20
DERM,2023-09-21,3,377730.88,2023-09-06,2023-09-21
MPAA,2023-09-21,3,1012500.0,2023-09-21,2023-09-21
HHH,2023-09-21,3,17930487.51,2023-09-21,2023-09-21
TLYS,2023-09-22,3,502713.6,2023-09-22,2023-09-22
MCFT,2023-09-26,5,30293812.65,2023-09-26,2023-09-26
SLNO,2023-09-26,3,45065085.51,2023-09-26,2023-09-26
CODA,2023-09-28,3,1104454.8,2023-09-27,2023-09-28
ADC,2023-09-28,3,3499450.0,2023-09-21,2023-09-28
STRUX,2023-09-29,3,1867569.81,2023-09-11,2023-09-29
COTY,2023-10-02,4,102600000.0,2023-09-28,2023-10-02
MLTX,2023-10-02,6,100800739.8,2023-10-02,2023-10-02
CODI,2023-10-03,6,3715690.92,2023-09-06,2023-10-03
RRGB,2023-10-03,3,842080.0,2023-09-06,2023-10-03
VCNX,2023-10-03,4,7000000.0,2023-10-03,2023-10-03
CTRN,2023-10-04,3,2329551.0,2023-10-04,2023-10-04
BHVN,2023-10-05,4,20902103.69,2023-10-04,2023-10-05
RAIN,2023-10-11,3,622004.73,2023-10-11,2023-10-11
SRRK,2023-10-12,8,120694258.8,2023-10-12,2023-10-12
TNGX,2023-10-13,5,87225000.0,2023-10-13,2023-10-13
BRN,2023-10-13,3,576026.07,2023-10-13,2023-10-13
SODI,2023-10-16,4,1540414.8,2023-10-16,2023-10-16
ACHR,2023-10-16,6,419635014.72,2023-10-16,2023-10-16
ATXS,2023-10-16,4,27982792.32,2023-10-16,2023-10-16
CERE,2023-10-16,10,934999874.28,2023-10-16,2023-10-16
QRHC,2023-10-17,8,1471551.52,2023-10-17,2023-10-17
RGF,2023-10-17,5,1202000.0,2023-10-11,2023-10-17
ACDC,2023-10-17,3,32913690.12,2023-10-17,2023-10-17
DAWN,2023-10-18,4,59919969.84,2023-10-18,2023-10-18
BLFS,2023-10-19,4,41499905.4,2023-10-19,2023-10-19
AMAM,2023-10-23,4,36552415.56,2023-10-23,2023-10-23
ARQT,2023-10-24,5,1000000.0,2023-10-24,2023-10-24
TRML,2023-10-24,3,203500.0,2023-10-24,2023-10-24
NTRS,2023-10-24,3,1711192.5,2023-10-23,2023-10-24
UEIC,2023-10-27,4,599654.4,2023-10-27,2023-10-27
EXFY,2023-10-27,4,1675428.48,2023-10-27,2023-10-27
CFFN,2023-10-27,3,258192.98,2023-10-27,2023-10-27
TEX,2023-10-31,3,437369.3,2023-10-27,2023-10-31
LC,2023-10-31,12,623100.0,2023-10-31,2023-10-31
AROW,2023-11-01,3,494409.0,2023-10-27,2023-11-01
NYC,2023-11-01,6,13742790.0,2023-11-01,2023-11-01
KYMR,2023-11-02,10,53005907.7,2023-11-02,2023-11-02
RPTX,2023-11-02,10,28213524.0,2023-11-02,2023-11-02
NMRA,2023-11-03,7,7699612.9,2023-11-03,2023-11-03
MKL,2023-11-03,3,297468.72,2023-11-03,2023-11-03
BALY,2023-11-03,4,530170.0,2023-11-03,2023-11-03
RMCF,2023-11-06,7,638279.52,2023-11-06,2023-11-06
TBI,2023-11-06,3,322660.0,2023-10-26,2023-11-06
B,2023-11-07,3,3862468.16,2023-10-31,2023-11-07
LXEO,2023-11-07,11,52499942.0,2023-11-07,2023-11-07
LAZY,2023-11-07,5,2710000.0,2023-11-07,2023-11-07
LUMN,2023-11-07,3,1618000.0,2023-11-02,2023-11-07
ET,2023-11-07,3,27310034.84,2023-11-06,2023-11-07
MACK,2023-11-08,4,1051507.56,2023-11-08,2023-11-08
INTZ,2023-11-08,3,716655.71,2023-11-02,2023-11-08
PETS,2023-11-09,3,451497.88,2023-11-03,2023-11-09
AURA,2023-11-09,3,29514987.3,2023-11-07,2023-11-09
ADV,2023-11-09,3,303520.24,2023-11-09,2023-11-09
AEVA,2023-11-09,3,43143346.98,2023-11-09,2023-11-09
ALPN,2023-11-09,3,14062500.0,2023-11-09,2023-11-09
EMR,2023-11-09,3,1186811.0,2023-11-08,2023-11-09
OPK,2023-11-10,3,2323040.66,2023-11-09,2023-11-10
MODG,2023-11-10,3,500400.0,2023-11-10,2023-11-10
TXO,2023-11-10,4,8581564.0,2023-11-10,2023-11-10
SNCR,2023-11-10,6,1108655.4,2023-11-10,2023-11-10
MDGL,2023-11-13,6,93471062.52,2023-11-13,2023-11-13
KLG,2023-11-13,4,1705801.55,2023-11-13,2023-11-13
JANX,2023-11-13,5,24943214.9,2023-11-13,2023-11-13
CTOS,2023-11-13,3,835300.0,2023-11-10,2023-11-13
GEG,2023-11-13,4,1477073.52,2023-11-13,2023-11-13
RXO,2023-11-13,7,19910072.98,2023-11-09,2023-11-13
AAN,2023-11-13,4,621625.0,2023-11-10,2023-11-13
TKO,2023-11-14,5,2849817.6,2023-11-14,2023-11-14
BW,2023-11-14,5,790077.12,2023-11-14,2023-11-14
PFBX,2023-11-14,5,325195.0,2023-11-14,2023-11-14
IVFH,2023-11-14,5,862500.0,2023-11-14,2023-11-14
CRGX,2023-11-14,13,189999900.0,2023-11-14,2023-11-14
PCT,2023-11-14,3,438094.32,2023-11-10,2023-11-14
HG,2023-11-14,6,15249990.0,2023-11-14,2023-11-14
HAIN,2023-11-15,3,419975.0,2023-11-09,2023-11-15
BRCC,2023-11-15,7,4022100.0,2023-11-14,2023-11-15
FTCI,2023-11-15,3,248924.1,2023-11-09,2023-11-15
GRPN,2023-11-16,4,12191295.2,2023-11-16,2023-11-16
ABR,2023-11-16,3,1281029.67,2023-10-30,2023-11-16
SGN,2023-11-16,3,300000.0,2023-11-16,2023-11-16
PRGO,2023-11-16,3,584497.2,2023-11-14,2023-11-16
DAR,2023-11-16,3,629569.9,2023-11-13,2023-11-16
RILY,2023-11-17,5,1852896.4,2023-11-09,2023-11-17
DCTH,2023-11-17,6,1040900.0,2023-11-16,2023-11-17
COMM,2023-11-17,4,518420.97,2023-11-13,2023-11-17
SOWG,2023-11-20,3,365001.0,2023-11-20,2023-11-20
ATNI,2023-11-20,3,660044.0,2023-11-20,2023-11-20
AUGX,2023-11-20,3,18000000.0,2023-11-20,2023-11-20
MICS,2023-11-21,3,2999999.73,2023-11-21,2023-11-21
HYLN,2023-11-21,3,277795.96,2023-11-14,2023-11-21
AVD,2023-11-21,3,200136.14,2023-11-17,2023-11-21
XRAY,2023-11-22,3,908400.0,2023-11-20,2023-11-22
TLYS,2023-11-22,3,731400.0,2023-11-22,2023-11-22
RANI,2023-11-24,3,21268478.3,2023-11-17,2023-11-24
HTLD,2023-11-27,5,2881063.72,2023-11-20,2023-11-27
BRN,2023-11-27,3,211215.36,2023-11-27,2023-11-27
CTRN,2023-11-27,3,19090402.5,2023-11-27,2023-11-27
KYN,2023-11-28,5,18023388.44,2023-11-28,2023-11-28
CNP,2023-11-29,3,1413040.0,2023-11-09,2023-11-29
GBIO,2023-12-01,3,746555.55,2023-12-01,2023-12-01
DRTT,2023-12-01,5,11537163.9,2023-12-01,2023-12-01
EYPT,2023-12-04,3,125622451.65,2023-12-04,2023-12-04
DRTTF,2023-12-04,5,5515895.0,2023-12-04,2023-12-04
MNKTQ,2023-12-05,3,8437500.0,2023-12-05,2023-12-05
OLMA,2023-12-06,4,4640000.0,2023-12-06,2023-12-06
ASA,2023-12-06,3,21682574.68,2023-11-09,2023-12-06
RYES,2023-12-07,3,471600.0,2023-11-07,2023-12-07
RMBL,2023-12-08,5,37876184.5,2023-12-08,2023-12-08
BH,2023-12-11,3,6395021.79,2023-12-11,2023-12-11
LOVE,2023-12-11,10,38642943.4,2023-12-11,2023-12-11
WVE,2023-12-11,5,56500000.0,2023-12-07,2023-12-11
HI,2023-12-12,3,473675.13,2023-11-30,2023-12-12
CTSO,2023-12-13,3,200000.08,2023-12-13,2023-12-13
SCND,2023-12-13,3,1307260.0,2023-12-13,2023-12-13
IGMS,2023-12-13,6,20189334.06,2023-12-13,2023-12-13
WBD,2023-12-14,4,499600000.0,2023-12-14,2023-12-14
LQDA,2023-12-14,4,18999997.96,2023-12-14,2023-12-14
PRKA,2023-12-14,4,16012700.0,2023-12-14,2023-12-14
VRCA,2023-12-15,3,20825148.93,2023-12-15,2023-12-15
LPSN,2023-12-18,4,24984524.12,2023-12-18,2023-12-18
HRTG,2023-12-19,8,6799973.26,2023-12-14,2023-12-19
DLTR,2023-12-19,3,297845630.79,2023-12-19,2023-12-19
STCN,2023-12-20,8,572946.48,2023-12-20,2023-12-20
ADC,2023-12-20,3,1070680.5,2023-12-11,2023-12-20
WHLR,2023-12-20,6,310969.68,2023-12-20,2023-12-20
ATXS,2023-12-21,4,18352000.0,2023-12-21,2023-12-21
SNDA,2023-12-21,3,8058900.0,2023-12-21,2023-12-21
ATHA,2023-12-27,3,4388685.48,2023-12-27,2023-12-27
KALV,2023-12-27,7,45259549.65,2023-12-27,2023-12-27
STAA,2024-01-03,3,19438605.21,2024-01-03,2024-01-03
ZIVO,2024-01-03,4,4747749.6,2023-12-29,2024-01-03
OPK,2024-01-04,3,2830508.7,2024-01-04,2024-01-04
ECAT,2024-01-05,3,95542523.04,2023-12-07,2024-01-05
NBBK,2024-01-05,3,319951.0,2023-12-28,2024-01-05
SNMP,2024-01-08,13,27759495.4,2024-01-08,2024-01-08
EYPT,2024-01-09,3,51153300.0,2024-01-09,2024-01-09
SLDB,2024-01-11,9,100444995.56,2024-01-11,2024-01-11
CELU,2024-01-12,3,16058237.25,2024-01-12,2024-01-12
ALTG,2024-01-17,5,3215886.4,2024-01-17,2024-01-17
PSBD,2024-01-17,4,12999974.4,2024-01-17,2024-01-17
CODI,2024-01-18,7,746241.88,2024-01-18,2024-01-18
VRDN,2024-01-22,5,49999950.0,2024-01-22,2024-01-22
CALC,2024-01-23,8,19603488.0,2024-01-23,2024-01-23
PAYS,2024-01-23,3,770185.56,2024-01-23,2024-01-23
EWTX,2024-01-23,5,20100950.1,2023-12-26,2024-01-23
ACET,2024-01-25,9,67500000.0,2024-01-25,2024-01-25
CRBP,2024-01-26,3,27335822.22,2024-01-26,2024-01-26
EXFY,2024-01-26,4,1380375.04,2024-01-26,2024-01-26
RLMD,2024-01-29,3,556581.71,2024-01-29,2024-01-29
COLB,2024-01-29,3,325606.1,2024-01-29,2024-01-29
CGON,2024-01-29,6,80999983.0,2024-01-29,2024-01-29
AVBP,2024-01-30,8,67999932.0,2024-01-30,2024-01-30
DCOM,2024-01-30,7,4357948.0,2024-01-30,2024-01-30
RMCF,2024-01-31,8,3934234.16,2024-01-31,2024-01-31
SKYE,2024-01-31,8,96208247.52,2024-01-31,2024-01-31
EPSN,2024-02-01,3,2934878.2,2024-01-30,2024-02-01
ATXS,2024-02-01,4,119998086.0,2024-02-01,2024-02-01
BHRB,2024-02-01,3,501041.5,2024-01-30,2024-02-01
SFBC,2024-02-01,6,304902.0,2024-02-01,2024-02-01
RXO,2024-02-02,6,90812016.0,2024-02-02,2024-02-02
WOLF,2024-02-02,3,1027807.5,2024-02-02,2024-02-02
MNKTQ,2024-02-02,3,2253000.0,2024-02-02,2024-02-02
CRMT,2024-02-05,3,7494316.74,2024-02-05,2024-02-05
GUTS,2024-02-06,11,58999935.0,2024-02-06,2024-02-06
ANRO,2024-02-06,6,38722000.0,2024-02-06,2024-02-06
LCTX,2024-02-06,3,21000002.4,2024-02-06,2024-02-06
JSPR,2024-02-08,19,65397500.0,2024-02-08,2024-02-08
SANA,2024-02-08,15,149999932.5,2024-02-08,2024-02-08
BERY,2024-02-09,3,284710.0,2024-02-08,2024-02-09
PEPG,2024-02-09,5,136063947.6,2024-02-09,2024-02-09
PTWO,2024-02-09,4,2076233.6,2024-02-09,2024-02-09
MRCY,2024-02-09,5,37868848.01,2024-02-09,2024-02-09
PLCE,2024-02-09,6,183484604.52,2024-02-09,2024-02-09
EG,2024-02-09,4,947979.55,2024-02-09,2024-02-09
PMNT,2024-02-12,3,500400.0,2024-02-12,2024-02-12
TNYA,2024-02-12,7,69999993.0,2024-02-12,2024-02-12
KYTX,2024-02-12,13,121444664.0,2024-02-12,2024-02-12
USCB,2024-02-13,3,335400.0,2024-02-13,2024-02-13
RM,2024-02-14,7,1963226.3,2024-02-14,2024-02-14
PRME,2024-02-15,12,240000000.0,2024-02-15,2024-02-15
HLGN,2024-02-15,4,2689171.84,2024-02-15,2024-02-15
GTES,2024-02-16,3,12948897.0,2024-02-16,2024-02-16
MODD,2024-02-16,5,8910000.0,2024-02-16,2024-02-16
LRMR,2024-02-16,11,375499923.72,2024-02-16,2024-02-16
IOVA,2024-02-20,3,48330300.0,2024-02-20,2024-02-20
FCNCA,2024-02-20,3,2656276.7,2024-02-20,2024-02-20
CART,2024-02-20,26,1614313406.44,2024-02-20,2024-02-20
TTSH,2024-02-22,3,4973962.0,2024-01-23,2024-02-22
HTLD,2024-02-22,4,740079.48,2024-02-22,2024-02-22
GSHD,2024-02-26,3,542448.52,2024-02-26,2024-02-26
VFC,2024-02-26,3,1514282.36,2024-02-09,2024-02-26
BNL,2024-02-26,4,427270.0,2024-02-26,2024-02-26
BCOV,2024-02-27,3,167064.0,2024-02-23,2024-02-27
GEG,2024-02-27,4,921600.0,2024-02-27,2024-02-27
RIG,2024-02-27,3,14670000.0,2024-02-27,2024-02-27
WES,2024-02-28,3,557385.0,2024-02-26,2024-02-28
MDRX,2024-02-28,10,1122025500.0,2024-02-28,2024-02-28
AMN,2024-02-28,3,1542325.26,2024-02-27,2024-02-28
ADC,2024-02-29,3,3501850.0,2024-02-15,2024-02-29
CTRN,2024-02-29,3,13108191.54,2024-02-29,2024-02-29
ETNB,2024-03-04,5,103612500.0,2024-03-04,2024-03-04
ACHR,2024-03-04,6,93757071.36,2024-03-04,2024-03-04
WGS,2024-03-04,5,1748000.0,2024-03-04,2024-03-04
LAB,2024-03-04,9,5782500.0,2024-03-04,2024-03-04
BH,2024-03-04,3,1257512.4,2024-03-04,2024-03-04
TPL,2024-03-04,3,880018.4,2024-02-22,2024-03-04
KDP,2024-03-05,4,17499954.3,2024-03-04,2024-03-05
PRGO,2024-03-05,3,475227.4,2024-02-29,2024-03-05
PX,2024-03-05,6,598500.0,2024-03-05,2024-03-05
ENV,2024-03-06,4,6505204.04,2024-03-06,2024-03-06
STHO,2024-03-06,5,558885.35,2024-03-06,2024-03-06
CRBP,2024-03-07,3,69982678.8,2024-03-07,2024-03-07
LSEA,2024-03-08,4,1347989.6,2024-03-08,2024-03-08
ELAN,2024-03-08,3,617799.0,2024-03-06,2024-03-08
GENK,2024-03-11,4,2414091.76,2024-03-11,2024-03-11
SKYE,2024-03-13,8,36000000.0,2024-03-13,2024-03-13
QRHC,2024-03-13,8,1697579.52,2024-03-13,2024-03-13
HFUS,2024-03-13,3,389480.0,2024-03-12,2024-03-13
MAIA,2024-03-14,3,481059.54,2024-03-14,2024-03-14
MCFT,2024-03-14,5,16254533.9,2024-03-14,2024-03-14
BTSG,2024-03-14,3,808029.6,2024-03-14,2024-03-14
CORZ,2024-03-15,4,1188218.0,2024-03-15,2024-03-15
STKS,2024-03-15,4,4115438.72,2024-03-15,2024-03-15
AMR,2024-03-15,6,26407733.04,2024-03-15,2024-03-15
ISDR,2024-03-15,3,374778.6,2024-03-15,2024-03-15
AAOI,2024-03-18,3,802433.8,2024-02-27,2024-03-18
RMAX,2024-03-18,3,1237680.0,2024-03-18,2024-03-18
NBBK,2024-03-19,3,644725.0,2024-03-01,2024-03-19
TISI,2024-03-19,4,1166611.28,2024-03-19,2024-03-19
XIVYX,2024-03-19,3,1849999.99,2024-03-05,2024-03-19
IMRX,2024-03-19,3,346870.89,2024-03-18,2024-03-19
FEIM,2024-03-20,3,298200.0,2024-03-20,2024-03-20
LILA,2024-03-20,3,8767220.14,2024-02-26,2024-03-20
BRT,2024-03-21,3,671755.38,2024-03-18,2024-03-21
TSVT,2024-03-21,4,15590680.96,2024-03-21,2024-03-21
LENZ,2024-03-21,5,75000376.35,2024-03-21,2024-03-21
ALAB,2024-03-22,3,1322892.0,2024-03-22,2024-03-22
SPRY,2024-03-25,5,66447052.05,2024-03-25,2024-03-25
CRK,2024-03-25,4,402000000.0,2024-03-25,2024-03-25
IGMS,2024-03-26,6,20422746.06,2024-03-26,2024-03-26
NKTX,2024-03-27,6,170000000.0,2024-03-27,2024-03-27
SOWG,2024-03-28,5,1067519.0,2024-03-28,2024-03-28
CWEN,2024-03-28,11,49528567.44,2024-03-28,2024-03-28
FSBC,2024-03-28,5,5450006.25,2024-03-28,2024-03-28
ALDX,2024-04-01,3,5721869.01,2024-04-01,2024-04-01
SPG,2024-04-01,3,182073.85,2024-03-31,2024-04-01
BOLD,2024-04-02,18,66600000.0,2024-04-02,2024-04-02
ALTI,2024-04-02,3,541350.0,2024-04-02,2024-04-02
HLVX,2024-04-04,5,641625.0,2024-04-04,2024-04-04
PGY,2024-04-04,4,1667448.8,2024-04-03,2024-04-04
SRZN,2024-04-04,4,23999952.0,2024-04-04,2024-04-04
TKO,2024-04-09,7,1023685317.9,2024-04-09,2024-04-09
RYES,2024-04-09,3,2430000.0,2024-04-09,2024-04-09
STCN,2024-04-10,8,3118814.16,2024-04-10,2024-04-10
OCX,2024-04-11,4,21299199.1,2024-04-11,2024-04-11
ACRV,2024-04-11,3,60001500.0,2024-04-11,2024-04-11
NEOG,2024-04-11,3,538605.0,2024-04-10,2024-04-11
RXO,2024-04-12,6,4994405.46,2024-04-12,2024-04-12
EXFY,2024-04-15,4,1866934.0,2024-04-15,2024-04-15
BRN,2024-04-15,3,569110.5,2024-04-15,2024-04-15
ULS,2024-04-16,19,16453780.0,2024-04-16,2024-04-16
SNDA,2024-04-18,3,5186940.17,2024-03-22,2024-04-18
ASGI,2024-04-18,3,6321511.51,2024-03-19,2024-04-18
EYPT,2024-04-18,3,31468338.54,2024-04-18,2024-04-18
INMB,2024-04-19,4,666282.24,2024-04-19,2024-04-19
CTRI,2024-04-22,8,2880150.0,2024-04-22,2024-04-22
BHVN,2024-04-22,3,17999902.0,2024-04-22,2024-04-22
KRRO,2024-04-22,14,13999888.0,2024-04-22,2024-04-22
GL,2024-04-24,3,377317.98,2024-04-24,2024-04-24
ACDC,2024-04-25,6,83726825.4,2024-04-25,2024-04-25
HXL,2024-04-26,3,1863210.0,2024-04-25,2024-04-26
HTLD,2024-04-26,5,13079500.64,2024-04-26,2024-04-26
LOAR,2024-04-29,3,6000036.0,2024-04-29,2024-04-29
SAMG,2024-04-30,6,692420.4,2024-04-30,2024-04-30
TBBK,2024-05-06,3,784343.53,2024-05-01,2024-05-06
VSTS,2024-05-06,4,69946153.28,2024-05-03,2024-05-06
RM,2024-05-06,8,16805768.72,2024-05-06,2024-05-06
MAC,2024-05-08,3,2185369.65,2024-05-06,2024-05-08
CNMD,2024-05-08,3,446732.92,2024-04-30,2024-05-08
SABR,2024-05-08,3,368650.0,2024-05-03,2024-05-08
PCSZX,2024-05-09,4,1087294.11,2024-04-30,2024-05-09
MNKTQ,2024-05-09,3,78900000.0,2024-05-09,2024-05-09
ZONE,2024-05-10,3,1311500.0,2024-04-26,2024-05-10
TMCI,2024-05-10,5,3653297.62,2024-05-10,2024-05-10
ISDR,2024-05-10,3,1522798.38,2024-05-10,2024-05-10
WGS,2024-05-13,5,5827500.0,2024-05-13,2024-05-13
PAL,2024-05-13,3,360000.0,2024-05-13,2024-05-13
BCRX,2024-05-13,3,451050.6,2024-05-13,2024-05-13
OPOF,2024-05-14,3,743978.25,2024-05-14,2024-05-14
OUST,2024-05-15,3,418000.0,2024-05-15,2024-05-15
RIG,2024-05-15,3,36060000.0,2024-05-15,2024-05-15
LAB,2024-05-15,9,31106738.88,2024-05-15,2024-05-15
AVD,2024-05-16,3,810150.0,2024-05-15,2024-05-16
ZURA,2024-05-17,3,4710998.85,2024-04-22,2024-05-17
APEI,2024-05-17,6,49509396.9,2024-05-17,2024-05-17
BATRA,2024-05-22,4,499560.0,2024-05-22,2024-05-22
LUXH,2024-05-23,3,1800000.0,2024-05-23,2024-05-23
EVBN,2024-05-23,3,231102.0,2024-05-23,2024-05-23
SUN,2024-05-24,3,502220.0,2024-05-23,2024-05-24
AXS,2024-05-28,3,444350.5,2024-05-06,2024-05-28
CODI,2024-05-28,5,850593.96,2024-05-28,2024-05-28
GL,2024-05-28,3,879295.0,2024-05-16,2024-05-28
BOW,2024-05-28,4,1804458.0,2024-05-28,2024-05-28
CMTG,2024-05-28,3,1312450.0,2024-05-24,2024-05-28
NSC,2024-05-29,3,1619093.6,2024-05-29,2024-05-29
CRGX,2024-05-30,3,14994000.0,2024-05-30,2024-05-30
LEG,2024-05-31,3,581064.0,2024-05-02,2024-05-31
CRM,2024-06-03,8,798374080.0,2024-06-03,2024-06-03
ALTI,2024-06-04,4,1663473.43,2024-05-14,2024-06-04
BOC,2024-06-05,5,3529387.96,2024-05-22,2024-06-05
UHG,2024-06-07,3,9796590.0,2024-06-07,2024-06-07
STCN,2024-06-10,8,3933985.92,2024-06-10,2024-06-10
PYYX,2024-06-11,5,3854076.8,2024-06-11,2024-06-11
NFBK,2024-06-12,5,443421.16,2024-06-10,2024-06-12
LGF,2024-06-12,7,39605056.19,2024-06-12,2024-06-12
MPAA,2024-06-13,3,2622000.0,2024-06-13,2024-06-13
PROK,2024-06-13,3,129470677.6,2024-06-11,2024-06-13
CLF,2024-06-13,4,614160.5,2024-06-12,2024-06-13
GDNSF,2024-06-14,6,4212252.72,2024-06-14,2024-06-14
RGEN,2024-06-14,3,600476.1,2024-06-14,2024-06-14
AVTE,2024-06-17,5,7749718.5,2024-06-17,2024-06-17
SPMC,2024-06-17,3,2100040.0,2024-06-17,2024-06-17
IRON,2024-06-17,6,23000148.0,2024-06-17,2024-06-17
ATLN,2024-06-18,4,17628997.04,2024-06-18,2024-06-18
PFBX,2024-06-18,6,547245.0,2024-06-10,2024-06-18
RMAX,2024-06-18,3,1461302.1,2024-06-18,2024-06-18
CRMT,2024-06-18,3,4574740.2,2024-06-18,2024-06-18
EXFY,2024-06-20,4,725578.68,2024-06-20,2024-06-20
TPIC,2024-06-21,4,51261041.88,2024-06-21,2024-06-21
BATRA,2024-06-24,4,319680.0,2024-06-24,2024-06-24
CLIR,2024-06-24,4,12194000.0,2024-06-24,2024-06-24
VCRDX,2024-06-26,3,26499970.06,2024-05-28,2024-06-26
TLYS,2024-06-27,3,4779286.98,2024-06-27,2024-06-27
ELYM,2024-06-27,7,349669716.48,2024-06-27,2024-06-27
SPG,2024-06-28,4,239370.98,2024-06-28,2024-06-28
DMAC,2024-06-28,5,15000000.0,2024-06-28,2024-06-28
TBN,2024-06-28,9,37887600.0,2024-06-28,2024-06-28
ADCT,2024-07-01,3,6744000.0,2024-07-01,2024-07-01
ALMS,2024-07-01,13,505000000.0,2024-07-01,2024-07-01
ACHR,2024-07-01,6,329925860.88,2024-07-01,2024-07-01
APPN,2024-07-05,6,113650968.24,2024-07-05,2024-07-05
NXDT,2024-07-08,3,1125959.78,2024-06-20,2024-07-08
BNED,2024-07-08,3,11652818.6,2024-06-10,2024-07-08
CULP,2024-07-08,5,1485265.0,2024-07-08,2024-07-08
DOUG,2024-07-08,3,356668.27,2024-07-05,2024-07-08
PTWO,2024-07-09,4,327444.0,2024-07-09,2024-07-09
ALTG,2024-07-10,3,4332848.1,2024-07-10,2024-07-10
SUNS,2024-07-11,3,1735063.62,2024-07-10,2024-07-11
TKNO,2024-07-12,5,60099993.88,2024-07-12,2024-07-12
SSKN,2024-07-15,6,3679970.1,2024-07-15,2024-07-15
NYC,2024-07-16,6,8250000.0,2024-07-16,2024-07-16
IVFH,2024-07-17,6,8830018.8,2024-07-17,2024-07-17
TWFG,2024-07-17,5,13879837.0,2024-07-17,2024-07-17
NUZE,2024-07-18,5,3879322.65,2024-07-18,2024-07-18
ARTV,2024-07-22,20,759999864.0,2024-07-22,2024-07-22
EVBN,2024-07-23,3,657512.4,2024-07-23,2024-07-23
COFS,2024-07-25,8,1250000.0,2024-07-25,2024-07-25
LINE,2024-07-26,3,1123200.0,2024-07-26,2024-07-26
NEXT,2024-07-29,7,613772722.5,2024-07-29,2024-07-29
LKQ,2024-07-29,4,600570.0,2024-07-26,2024-07-29
HITC,2024-07-31,3,2630235.46,2024-07-31,2024-07-31
ONEW,2024-08-01,6,2007900.0,2024-08-01,2024-08-01
LAB,2024-08-02,9,17514000.0,2024-08-02,2024-08-02
RIG,2024-08-02,3,31380000.0,2024-08-02,2024-08-02
MGM,2024-08-05,3,7312197.0,2024-08-05,2024-08-05
CRK,2024-08-05,4,84111100.32,2024-08-05,2024-08-05
HTGC,2024-08-06,5,471148.55,2024-08-06,2024-08-06
AMBC,2024-08-07,4,1525412.27,2024-08-07,2024-08-07
MPLN,2024-08-07,3,563800.0,2024-08-05,2024-08-07
PCSZX,2024-08-08,3,1087279.96,2024-08-05,2024-08-08
ACHR,2024-08-08,6,59939988.9,2024-08-08,2024-08-08
BXMT,2024-08-08,3,1448135.0,2024-08-02,2024-08-08
GT,2024-08-09,3,771394.4,2024-08-06,2024-08-09
VMEO,2024-08-12,3,495378.17,2024-08-07,2024-08-12
RXO,2024-08-12,6,1244953380.6,2024-08-12,2024-08-12
MGTX,2024-08-12,3,15000000.0,2024-08-12,2024-08-12
ACTU,2024-08-12,23,92000000.0,2024-08-12,2024-08-12
VYX,2024-08-13,3,490025.48,2024-08-08,2024-08-13
ACDC,2024-08-13,3,8535711.69,2024-08-13,2024-08-13
SCPH,2024-08-13,3,6000000.0,2024-08-13,2024-08-13
CEP,2024-08-14,4,12000000.0,2024-08-14,2024-08-14
APEI,2024-08-14,6,7259199.6,2024-08-14,2024-08-14
BYON,2024-08-14,3,255891.76,2024-08-01,2024-08-14
GRWG,2024-08-14,3,517599.8,2024-08-13,2024-08-14
LOCO,2024-08-14,6,27259412.4,2024-08-14,2024-08-14
YUMC,2024-08-15,3,390172.0,2024-08-13,2024-08-15
POCI,2024-08-15,3,142382990.1,2024-08-15,2024-08-15
GBDC,2024-08-16,3,1599895.0,2024-08-08,2024-08-16
TSE,2024-08-16,3,748084.0,2024-08-12,2024-08-16
WBTN,2024-08-16,3,786472.74,2024-08-14,2024-08-16
GRX,2024-08-19,3,4017510.6,2024-07-23,2024-08-19
ATEC,2024-08-22,3,901350.42,2024-08-02,2024-08-22
ET,2024-08-23,3,47667200.0,2024-08-12,2024-08-23
OBDE,2024-08-26,3,630571.2,2024-08-20,2024-08-26
MPAA,2024-08-27,6,2341256.88,2024-08-27,2024-08-27
ISDR,2024-08-27,3,573962.7,2024-08-27,2024-08-27
BILL,2024-08-27,3,5815715.35,2024-08-26,2024-08-27
INBX,2024-08-28,3,1695410.36,2024-08-20,2024-08-28
LESL,2024-08-29,3,661392.0,2024-08-29,2024-08-29
TBN,2024-08-30,3,749912.64,2024-08-30,2024-08-30
STCN,2024-09-01,8,42208608.0,2024-09-01,2024-09-01
PRKA,2024-09-04,4,2151288.0,2024-09-04,2024-09-04
HR,2024-09-05,3,865680.75,2024-08-12,2024-09-05
MTDR,2024-09-06,4,311175.0,2024-08-16,2024-09-06
RLMD,2024-09-09,3,588670.66,2024-09-09,2024-09-09
PENN,2024-09-10,3,1450548.0,2024-09-03,2024-09-10
REED,2024-09-10,6,19005222.56,2024-09-10,2024-09-10
BTSG,2024-09-11,12,1551966932.88,2024-09-11,2024-09-11
CGNT,2024-09-11,3,18342633.63,2024-09-11,2024-09-11
RIG,2024-09-12,3,18585000.0,2024-09-12,2024-09-12
KVHI,2024-09-12,4,1004388.0,2024-09-04,2024-09-12
ZBIO,2024-09-12,5,48280000.0,2024-09-12,2024-09-12
LQDA,2024-09-12,3,5852994.2,2024-08-30,2024-09-12
AMLX,2024-09-12,3,427700.0,2024-09-03,2024-09-12
VRDN,2024-09-13,3,90000000.0,2024-09-13,2024-09-13
PI,2024-09-13,3,60000009.51,2024-09-13,2024-09-13
PCT,2024-09-13,3,60000009.51,2024-09-13,2024-09-13
BRCC,2024-09-13,4,8679992.56,2024-09-13,2024-09-13
GTLS,2024-09-13,3,217071.4,2024-09-05,2024-09-13
OMIC,2024-09-16,3,5418659.52,2024-09-16,2024-09-16
BCAX,2024-09-16,5,164970000.0,2024-09-16,2024-09-16
MBX,2024-09-16,22,206000000.0,2024-09-16,2024-09-16
CULP,2024-09-17,6,7395923.48,2024-09-09,2024-09-17
HCWC,2024-09-17,3,250000.0,2024-09-17,2024-09-17
LUCY,2024-09-17,3,9703582.84,2024-09-17,2024-09-17
CRMT,2024-09-19,6,116052872.0,2024-09-19,2024-09-19
CODI,2024-09-20,3,718668.0,2024-09-11,2024-09-20
CRBP,2024-09-20,3,21012180.99,2024-09-20,2024-09-20
GDOT,2024-09-23,3,7151535.6,2024-09-23,2024-09-23
HWH,2024-09-24,3,11405274.93,2024-09-24,2024-09-24
PFBX,2024-09-24,5,1643632.0,2024-09-24,2024-09-24
AHH,2024-09-26,4,3099988.5,2024-09-26,2024-09-26
LGCY,2024-09-26,3,249000.0,2024-09-26,2024-09-26
IBTA,2024-09-27,3,3479519.58,2024-09-27,2024-09-27
BIOA,2024-09-27,7,67799970.0,2024-09-25,2024-09-27
BKV,2024-09-27,4,1764000.0,2024-09-27,2024-09-27
SPG,2024-09-30,4,248607.8,2024-09-30,2024-09-30
BATRA,2024-09-30,4,336800.0,2024-09-30,2024-09-30
MOFG,2024-09-30,8,681000.0,2024-09-30,2024-09-30
BHVN,2024-10-02,3,2220890.0,2024-09-24,2024-10-02
OCX,2024-10-02,4,11740750.05,2024-10-02,2024-10-02
FVR,2024-10-03,7,93157474.6,2024-10-03,2024-10-03
LFCR,2024-10-03,15,51599984.2,2024-10-03,2024-10-03
CBNA,2024-10-03,4,282370.0,2024-10-03,2024-10-03
SNDA,2024-10-10,8,6632690.48,2024-10-10,2024-10-10
RRGB,2024-10-15,7,2865725.76,2024-10-15,2024-10-15
UPB,2024-10-15,10,170000000.0,2024-10-15,2024-10-15
DRUG,2024-10-15,3,9558815.88,2024-10-15,2024-10-15
CAMP,2024-10-15,29,336799716.0,2024-10-15,2024-10-15
CBLL,2024-10-15,5,29891202.0,2024-10-11,2024-10-15
RMCF,2024-10-18,8,456462.0,2024-10-18,2024-10-18
SNWV,2024-10-18,5,7499992.5,2024-10-18,2024-10-18
JANX,2024-10-18,5,268500000.0,2024-10-18,2024-10-18
VERB,2024-10-21,4,925889.68,2024-10-21,2024-10-21
IKT,2024-10-21,3,2698900.0,2024-10-21,2024-10-21
NRDS,2024-10-21,3,15827923.05,2024-10-21,2024-10-21
ROLR,2024-10-23,4,950000.0,2024-10-23,2024-10-23
INGM,2024-10-23,5,7036700.0,2024-10-23,2024-10-23
MODV,2024-10-23,4,4298878.72,2024-10-23,2024-10-23
SEPN,2024-10-28,11,445500000.0,2024-10-28,2024-10-28
UMAC,2024-10-30,3,249998.96,2024-10-30,2024-10-30
SNBR,2024-10-31,5,12870424.7,2024-10-31,2024-10-31
VREO,2024-11-01,8,161441280.0,2024-11-01,2024-11-01
MPB,2024-11-01,5,1090497.0,2024-11-01,2024-11-01
MAIA,2024-11-01,4,584328.0,2024-11-01,2024-11-01
CALC,2024-11-01,13,3807510.0,2024-11-01,2024-11-01
BACQ,2024-11-04,3,12750000.0,2024-11-04,2024-11-04
BDSX,2024-11-05,4,360388.08,2024-11-05,2024-11-05
AIN,2024-11-05,3,245967.0,2024-11-05,2024-11-05
NMFC,2024-11-06,3,5034540.83,2024-11-04,2024-11-06
UAN,2024-11-06,3,11475680.1,2024-11-06,2024-11-06
LCGMF,2024-11-08,3,1511111.1,2024-11-08,2024-11-08
TYRA,2024-11-08,6,99332331.25,2024-10-30,2024-11-08
GDOT,2024-11-08,3,5823373.5,2024-11-08,2024-11-08
OSCR,2024-11-11,5,72164260.9,2024-11-11,2024-11-11
QTI,2024-11-12,4,3992463.64,2024-11-12,2024-11-12
DCOM,2024-11-12,3,2784000.0,2024-11-12,2024-11-12
BH,2024-11-12,3,17315442.57,2024-11-12,2024-11-12
GRBK,2024-11-13,4,281387972.32,2024-11-13,2024-11-13
PFBX,2024-11-14,6,749673.25,2024-11-01,2024-11-14
WHLRD,2024-11-14,5,2163834.55,2024-11-14,2024-11-14
MPAA,2024-11-14,3,1029000.0,2024-11-14,2024-11-14
WSC,2024-11-15,4,878500.0,2024-11-04,2024-11-15
LAZY,2024-11-15,5,74999995.9,2024-11-15,2024-11-15
ZETA,2024-11-18,7,4211155.48,2024-11-18,2024-11-18
HTLD,2024-11-18,5,3736080.65,2024-11-04,2024-11-18
RMAX,2024-11-18,3,899794.08,2024-11-18,2024-11-18
SCWO,2024-11-18,3,512500.0,2024-11-15,2024-11-18
AZTA,2024-11-19,3,1249307.67,2024-11-15,2024-11-19
FGF,2024-11-19,4,1243920.32,2024-11-19,2024-11-19
BNTC,2024-11-19,4,1479612.4,2024-11-19,2024-11-19
ONEW,2024-11-19,6,2693075.04,2024-11-19,2024-11-19
WOLF,2024-11-20,4,816943.68,2024-11-20,2024-11-20
PX,2024-11-20,6,819000.0,2024-11-20,2024-11-20
MBIN,2024-11-21,3,2155867.0,2024-11-18,2024-11-21
IMNM,2024-11-21,3,1310007.72,2024-11-21,2024-11-21
MODD,2024-11-21,5,1249995.0,2024-11-21,2024-11-21
NGNE,2024-11-26,5,5239387.74,2024-11-22,2024-11-26
PCB,2024-11-29,3,408134.3,2024-11-06,2024-11-29
GRX,2024-12-03,3,422189.02,2024-11-04,2024-12-03
GWAV,2024-12-04,3,380821.32,2024-12-03,2024-12-04
PETS,2024-12-06,4,719900.0,2024-12-04,2024-12-06
OCTIX,2024-12-09,3,2850000.1,2024-11-26,2024-12-09
IVFH,2024-12-09,7,3300000.0,2024-12-04,2024-12-09
GAIAX,2024-12-09,3,5100000.0,2024-12-09,2024-12-09
CULP,2024-12-09,5,297798.5,2024-12-09,2024-12-09
PMD,2024-12-10,5,4113823.2,2024-12-03,2024-12-10
DBI,2024-12-10,3,4222500.0,2024-12-10,2024-12-10
MNR,2024-12-10,3,15121612.74,2024-12-10,2024-12-10
CTGO,2024-12-10,3,429893.88,2024-12-05,2024-12-10
GRNT,2024-12-11,3,611887.67,2024-11-20,2024-12-11
ADCT,2024-12-11,3,1827000.0,2024-12-11,2024-12-11
RM,2024-12-11,5,455405.5,2024-12-11,2024-12-11
ACHR,2024-12-11,7,30101153.54,2024-11-19,2024-12-11
AVDL,2024-12-11,3,347878.99,2024-12-06,2024-12-11
TKO,2024-12-11,7,336858260.2,2024-12-11,2024-12-11
DMLP,2024-12-11,3,1543733.0,2024-11-14,2024-12-11
STRW,2024-12-12,3,2944562.2,2024-12-03,2024-12-12
GAIIX,2024-12-12,4,7500000.0,2024-12-12,2024-12-12
OPRT,2024-12-13,3,251677.0,2024-11-27,2024-12-13
FISI,2024-12-13,11,770000.0,2024-12-13,2024-12-13
BCYC,2024-12-13,6,127128664.92,2024-12-13,2024-12-13
MDRR,2024-12-13,3,499994.93,2024-11-15,2024-12-13
PLAY,2024-12-13,3,1725627.8,2024-12-12,2024-12-13
AGL,2024-12-13,3,203474.62,2024-12-05,2024-12-13
DOW,2024-12-13,3,1611795.18,2024-12-12,2024-12-13
OMCC,2024-12-13,3,1314000.0,2024-12-13,2024-12-13
CNC,2024-12-16,3,988603.93,2024-12-13,2024-12-16
STAA,2024-12-16,3,5842534.2,2024-12-16,2024-12-16
MMS,2024-12-17,3,747077.8,2024-12-12,2024-12-17
HR,2024-12-19,3,457419.0,2024-11-22,2024-12-19
RMBL,2024-12-19,3,4380635.82,2024-12-19,2024-12-19
QNRX,2024-12-23,3,554999.85,2024-12-23,2024-12-23
SRFM,2024-12-23,3,2097831.41,2024-12-09,2024-12-23
MRKR,2024-12-23,10,17736000.0,2024-12-23,2024-12-23
MCFT,2024-12-26,5,17719744.55,2024-12-26,2024-12-26
SPG,2024-12-30,4,257774.11,2024-12-30,2024-12-30
KALA,2024-12-30,4,7999999.84,2024-12-30,2024-12-30
ZIVO,2024-12-31,3,759600.0,2024-12-31,2024-12-31
CEPO,2025-01-08,4,20000000.0,2025-01-08,2025-01-08
CVI,2025-01-08,3,48082107.0,2025-01-08,2025-01-08
OLMA,2025-01-08,6,18100273.5,2024-12-13,2025-01-08
SNDA,2025-01-08,9,8080518.69,2025-01-08,2025-01-08
BATRA,2025-01-10,4,313520.0,2025-01-10,2025-01-10
FLWS,2025-01-10,3,8169630.0,2025-01-10,2025-01-10
DBI,2025-01-10,3,8462955.39,2025-01-10,2025-01-10
MODV,2025-01-10,6,59975138.04,2025-01-10,2025-01-10
LW,2025-01-13,3,575070.0,2024-12-23,2025-01-13
LBTYK,2025-01-15,12,2592284.24,2025-01-15,2025-01-15
LGF,2025-01-16,7,4548362.0,2025-01-16,2025-01-16
TKO,2025-01-17,7,351666979.02,2025-01-17,2025-01-17
FLOC,2025-01-17,4,1790400.0,2025-01-17,2025-01-17
GDRZF,2025-01-22,5,419580.0,2025-01-22,2025-01-22
MYCB,2025-01-22,3,1716000.0,2025-01-22,2025-01-22
RLI,2025-01-24,4,804974.0,2025-01-24,2025-01-24
LCTX,2025-01-27,3,18000000.36,2025-01-27,2025-01-27
KDP,2025-01-29,10,1206774640.0,2025-01-29,2025-01-29
VGAS,2025-01-29,3,150000000.0,2025-01-29,2025-01-29
SFD,2025-01-29,8,65624660.0,2025-01-29,2025-01-29
CTOS,2025-01-30,11,358319940.0,2025-01-30,2025-01-30
ETNB,2025-01-30,6,250067068.75,2025-01-21,2025-01-30
KALV,2025-01-30,7,4351396.14,2025-01-30,2025-01-30
ELUT,2025-02-03,11,12600000.0,2025-02-03,2025-02-03
INR,2025-02-03,4,1600000.0,2025-02-03,2025-02-03
MTSR,2025-02-03,11,414219924.0,2025-02-03,2025-02-03
TPIC,2025-02-04,3,883650.0,2025-02-04,2025-02-04
KFII,2025-02-06,3,14863410.0,2025-02-06,2025-02-06
FERA,2025-02-06,5,19000000.0,2025-02-06,2025-02-06
OCX,2025-02-06,3,31769024.25,2025-02-06,2025-02-06
MNR,2025-02-07,3,239999985.0,2025-02-07,2025-02-07
EFSI,2025-02-07,3,334976.0,2025-02-07,2025-02-07
SION,2025-02-10,19,219510000.0,2025-02-10,2025-02-10
ORKA,2025-02-10,7,9807778.89,2025-02-10,2025-02-10
BZH,2025-02-10,3,1229275.0,2025-02-07,2025-02-10
CMPO,2025-02-12,4,39944599.84,2025-02-12,2025-02-12
MRP,2025-02-13,3,6132375.72,2025-02-13,2025-02-13
HLIT,2025-02-13,3,269531.75,2025-02-12,2025-02-13
FLNC,2025-02-13,3,410725.0,2025-02-13,2025-02-13
MBX,2025-02-14,5,8617522.4,2025-02-03,2025-02-14
PRKA,2025-02-14,4,1214519.6,2025-02-14,2025-02-14
AARD,2025-02-14,9,106424672.0,2025-02-14,2025-02-14
CMCO,2025-02-14,3,436503.5,2025-02-13,2025-02-14
SLDB,2025-02-18,3,5727720.6,2025-02-18,2025-02-18
LLIAX,2025-02-18,6,1650350.6,2025-02-18,2025-02-18
AMCR,2025-02-18,3,2403800.0,2025-02-10,2025-02-18
HP,2025-02-18,3,1662350.48,2025-02-10,2025-02-18
NE,2025-02-20,3,823786.16,2025-02-20,2025-02-20
SEPN,2025-02-20,7,37147383.0,2025-02-19,2025-02-20
MTDR,2025-02-21,5,609831.0,2025-02-21,2025-02-21
VMEO,2025-02-24,3,313802.6,2025-02-21,2025-02-24
BHRB,2025-02-24,3,1210720.72,2025-01-31,2025-02-24
FRPT,2025-02-24,3,505047.5,2025-02-24,2025-02-24
AMKR,2025-02-24,5,94999976.25,2025-02-24,2025-02-24
ACDC,2025-02-26,4,16086553.56,2025-02-26,2025-02-26
THM,2025-02-27,4,2212014.72,2025-02-27,2025-02-27
OSUR,2025-02-27,3,600347.78,2025-02-27,2025-02-27
RCUS,2025-02-27,3,15402760.0,2025-02-18,2025-02-27
JELD,2025-02-27,3,1033483.44,2025-02-24,2025-02-27
HII,2025-02-27,3,624169.9,2025-02-13,2025-02-27
WWW,2025-02-27,3,931814.0,2025-02-21,2025-02-27
OMI,2025-02-28,5,136930792.4,2025-02-28,2025-02-28
CVI,2025-02-28,3,20249511.84,2025-02-28,2025-02-28
PFBX,2025-02-28,5,452375.0,2025-02-28,2025-02-28
LAB,2025-02-28,9,46425835.17,2025-02-28,2025-02-28
TRS,2025-02-28,4,763250.28,2025-02-28,2025-02-28
GO,2025-03-03,3,2732050.0,2025-02-27,2025-03-03
ONTF,2025-03-03,3,1403030.25,2025-03-03,2025-03-03
SIGI,2025-03-03,3,472164.2,2025-02-24,2025-03-03
UAN,2025-03-03,3,2213803.86,2025-03-03,2025-03-03
ONEW,2025-03-04,6,1386000.0,2025-03-04,2025-03-04
STRA,2025-03-04,3,1109753.6,2025-03-03,2025-03-04
JANX,2025-03-05,5,126714824.4,2025-03-05,2025-03-05
TNYA,2025-03-05,7,174999991.6,2025-03-05,2025-03-05
FMC,2025-03-05,3,2362948.0,2025-03-04,2025-03-05
ECAT,2025-03-05,3,4379072.8,2025-02-26,2025-03-05
BLND,2025-03-05,7,1208477.27,2025-03-05,2025-03-05
ECPG,2025-03-05,3,3107800.0,2025-03-05,2025-03-05
EVH,2025-03-06,4,746576.05,2025-03-06,2025-03-06
MITK,2025-03-06,3,707310.0,2025-02-20,2025-03-06
CE,2025-03-07,4,644213.35,2025-03-07,2025-03-07
KMTS,2025-03-07,3,858500.0,2025-03-07,2025-03-07
AMPY,2025-03-07,3,211100.0,2025-03-07,2025-03-07
UCTT,2025-03-07,4,518140.0,2025-03-07,2025-03-07
NCMI,2025-03-07,10,24806269.0,2025-03-07,2025-03-07
CULP,2025-03-10,6,2057729.19,2025-03-10,2025-03-10
RC,2025-03-10,3,555600.0,2025-03-05,2025-03-10
PCG,2025-03-11,3,250654.04,2025-02-20,2025-03-11
SEI,2025-03-11,3,820680.0,2025-02-27,2025-03-11
VG,2025-03-11,3,9132962.2,2025-03-10,2025-03-11
SRE,2025-03-12,3,917563.96,2025-03-06,2025-03-12
CLVT,2025-03-12,3,554685.16,2025-03-03,2025-03-12
VISL,2025-03-12,5,2362450.0,2025-03-12,2025-03-12
BNED,2025-03-12,4,6924289.36,2025-03-12,2025-03-12
MLYS,2025-03-13,10,118799973.0,2025-03-13,2025-03-13
BTMD,2025-03-13,4,16726689.0,2025-03-13,2025-03-13
LUV,2025-03-13,3,350040.88,2025-03-12,2025-03-13
MX,2025-03-14,3,224000.0,2025-03-13,2025-03-14
HRTG,2025-03-14,3,280450.0,2025-03-14,2025-03-14
WEST,2025-03-14,3,1910555.8,2025-03-14,2025-03-14
LYEL,2025-03-17,3,313550.0,2025-03-14,2025-03-17
IMCR,2025-03-17,6,143952379.68,2025-03-17,2025-03-17
IMG,2025-03-18,9,13396053.84,2025-03-18,2025-03-18
MODD,2025-03-20,6,7799984.64,2025-03-20,2025-03-20
WYNN,2025-03-21,5,5674090.0,2025-02-19,2025-03-21
CUBA,2025-03-24,3,562708.75,2025-03-06,2025-03-24
GSHR,2025-03-24,3,12093750.0,2025-03-24,2025-03-24
FG,2025-03-25,3,152012520.0,2025-03-24,2025-03-25
MCHX,2025-03-25,3,522119.31,2025-03-25,2025-03-25
SRZN,2025-03-26,6,71999947.2,2025-03-26,2025-03-26
IMNM,2025-03-26,3,1221179.0,2025-03-24,2025-03-26
BNTC,2025-03-26,4,46800000.0,2025-03-26,2025-03-26
SAIC,2025-03-27,3,339373.45,2025-03-25,2025-03-27
CATX,2025-03-31,3,257007.14,2025-03-28,2025-03-31
REPX,2025-03-31,3,1055520.0,2025-03-31,2025-03-31
SPG,2025-03-31,3,201550.4,2025-03-31,2025-03-31
FGBI,2025-03-31,3,1093265.25,2025-03-31,2025-03-31
SMA,2025-04-01,3,360000.0,2025-04-01,2025-04-01
GTE,2025-04-02,4,2150400.0,2025-04-02,2025-04-02
EWTX,2025-04-03,4,40000000.92,2025-04-03,2025-04-03
OMI,2025-04-03,5,21456089.2,2025-04-03,2025-04-03
SZZL,2025-04-03,4,16000000.0,2025-04-03,2025-04-03
NXDT,2025-04-03,3,1574601.0,2025-04-03,2025-04-03
SONO,2025-04-03,5,9366149.85,2025-04-03,2025-04-03
SOUL,2025-04-03,3,12000000.0,2025-04-03,2025-04-03
CBRL,2025-04-04,5,19030230.0,2025-04-04,2025-04-04
LGF,2025-04-07,7,124768995.61,2025-04-07,2025-04-07
KALV,2025-04-09,7,1648500.0,2025-04-09,2025-04-09
QTI,2025-04-09,3,3737412.44,2025-03-21,2025-04-09
KROS,2025-04-09,4,37862619.56,2025-04-09,2025-04-09
GME,2025-04-10,3,11140200.0,2025-04-03,2025-04-10
CVGW,2025-04-11,3,832690.39,2025-04-02,2025-04-11
MCFT,2025-04-15,3,1268852.46,2025-04-15,2025-04-15
BCDA,2025-04-23,3,501308.15,2025-04-23,2025-04-23
NEOG,2025-04-23,3,213321.08,2025-04-10,2025-04-23
TFIN,2025-04-24,3,598056.72,2025-04-22,2025-04-24
NPAC,2025-04-25,3,18332250.0,2025-04-25,2025-04-25
AVTR,2025-04-28,3,478995.71,2025-04-28,2025-04-28
DOC,2025-04-28,5,669709.36,2025-04-25,2025-04-28
BMACX,2025-05-01,7,149650000.05,2025-05-01,2025-05-01
MTDR,2025-05-01,4,602475.0,2025-04-29,2025-05-01
MTX,2025-05-02,3,207280.0,2025-04-30,2025-05-02
ALMS,2025-05-02,13,3904911.98,2025-05-02,2025-05-02
SON,2025-05-02,3,1144380.72,2025-04-30,2025-05-02
FTAI,2025-05-02,3,1008715.3,2025-05-02,2025-05-02
CEPT,2025-05-05,4,23200000.0,2025-05-05,2025-05-05
BNL,2025-05-05,5,743647.03,2025-05-05,2025-05-05
UTZ,2025-05-05,4,394146.38,2025-05-05,2025-05-05
NEO,2025-05-06,3,375432.0,2025-05-02,2025-05-06
HTLD,2025-05-06,5,13535086.68,2025-05-05,2025-05-06
OGN,2025-05-06,3,474182.45,2025-05-05,2025-05-06
RGR,2025-05-07,3,472614.0,2025-05-06,2025-05-07
CHDN,2025-05-07,3,1298940.0,2025-05-02,2025-05-07
OFIX,2025-05-07,8,16003000.0,2025-05-07,2025-05-07
BHRB,2025-05-07,3,427470.0,2025-04-29,2025-05-07
HCWB,2025-05-07,4,2825030.0,2025-05-07,2025-05-07
LINE,2025-05-08,3,1194980.17,2025-05-05,2025-05-08
VSTS,2025-05-08,5,12820649.36,2025-05-08,2025-05-08
HTGC,2025-05-08,5,524449.32,2025-05-08,2025-05-08
RYES,2025-05-08,3,1557682.08,2025-05-08,2025-05-08
HAIN,2025-05-09,3,811325.0,2025-05-09,2025-05-09
REZI,2025-05-09,3,300039682.14,2025-05-09,2025-05-09
NG,2025-05-09,7,350000017.5,2025-05-09,2025-05-09
CIVI,2025-05-09,7,2214384.1,2025-05-09,2025-05-09
ACDC,2025-05-12,4,746655.04,2025-05-09,2025-05-12
HOWL,2025-05-12,5,2435939.6,2025-05-12,2025-05-12
ONTF,2025-05-12,3,1173749.76,2025-05-12,2025-05-12
BRT,2025-05-12,3,1080031.34,2025-05-12,2025-05-12
ENR,2025-05-12,3,431930.0,2025-05-09,2025-05-12
EGHA,2025-05-12,5,17500000.0,2025-05-12,2025-05-12
SNBR,2025-05-13,3,877355.4,2025-05-07,2025-05-13
AESI,2025-05-14,3,715300.46,2025-05-09,2025-05-14
AMBC,2025-05-14,3,823730.27,2025-05-14,2025-05-14
UNH,2025-05-14,3,25604453.4,2025-05-14,2025-05-14
VISL,2025-05-15,5,257275.0,2025-05-15,2025-05-15
TXO,2025-05-15,4,52050000.0,2025-05-15,2025-05-15
OKUR,2025-05-15,3,7770000.0,2025-05-15,2025-05-15
MAGN,2025-05-15,3,860052.75,2025-05-09,2025-05-15
CCCXU,2025-05-15,3,9000000.0,2025-05-15,2025-05-15
RLMD,2025-05-16,3,349277.91,2025-05-16,2025-05-16
CCCM,2025-05-19,3,7950000.0,2025-05-19,2025-05-19
MODG,2025-05-19,3,330401.7,2025-05-14,2025-05-19
CTEV,2025-05-19,3,1181297.25,2025-05-12,2025-05-19
IFF,2025-05-19,4,3121159.0,2025-05-08,2025-05-19
ONEW,2025-05-20,8,2324518.84,2025-05-06,2025-05-20
JRVR,2025-05-20,3,728333.75,2025-05-15,2025-05-20
PFBX,2025-05-20,5,292357.35,2025-05-20,2025-05-20
SDHC,2025-05-21,3,862719.0,2025-05-16,2025-05-21
PETS,2025-05-21,3,289500.0,2025-05-21,2025-05-21
MRP,2025-05-21,3,781225.0,2025-05-19,2025-05-21
PENN,2025-05-22,3,707892.0,2025-05-12,2025-05-22
UHG,2025-05-22,4,1167858.62,2025-05-22,2025-05-22
GPMT,2025-05-22,3,276662.88,2025-05-15,2025-05-22
XRX,2025-05-23,3,320154.0,2025-05-23,2025-05-23
OPAL,2025-05-23,3,262231.14,2025-05-16,2025-05-23
VFC,2025-05-23,3,2198403.2,2025-05-23,2025-05-23
OYSE,2025-05-23,5,22750000.0,2025-05-23,2025-05-23
ARQ,2025-05-23,4,688760.0,2025-05-16,2025-05-23
BATRA,2025-05-23,4,269216.2,2025-05-23,2025-05-23
PEB,2025-05-23,3,1203817.58,2025-05-06,2025-05-23
SHEN,2025-05-27,12,7001109.96,2025-05-27,2025-05-27
NKGN,2025-05-27,4,10381589.53,2025-05-05,2025-05-27
FLO,2025-05-27,3,202440.0,2025-05-22,2025-05-27
LION,2025-05-28,7,341903634.1,2025-05-28,2025-05-28
CHCT,2025-05-28,3,407011.55,2025-04-30,2025-05-28
MATV,2025-05-30,3,347000.0,2025-05-29,2025-05-30
TISI,2025-06-02,4,446695.68,2025-06-02,2025-06-02
VRM,2025-06-02,7,864712.8,2025-06-02,2025-06-02
VREO,2025-06-02,7,462000.0,2025-06-02,2025-06-02
TKO,2025-06-03,3,749999836.8,2025-06-03,2025-06-03
PBT,2025-06-04,4,4740542.2,2025-06-04,2025-06-04
TRS,2025-06-04,3,43093315.48,2025-05-19,2025-06-04
TYRA,2025-06-04,5,58756518.4,2025-06-04,2025-06-04
ABL,2025-06-04,3,1186888.78,2025-06-04,2025-06-04
MSTR,2025-06-05,4,2312345.0,2025-05-27,2025-06-05
STRZ,2025-06-05,3,5192127.45,2025-06-02,2025-06-05
GTE,2025-06-06,4,577200.0,2025-06-06,2025-06-06
NNUP,2025-06-06,4,757868.1,2025-06-06,2025-06-06
QTRX,2025-06-09,3,1888580.93,2025-06-06,2025-06-09
RM,2025-06-09,4,2665204.56,2025-06-09,2025-06-09
AIRS,2025-06-09,3,12000000.0,2025-06-09,2025-06-09
DCOM,2025-06-09,8,8816040.0,2025-06-09,2025-06-09
MNR,2025-06-10,3,10279120.65,2025-06-10,2025-06-10
BY,2025-06-11,4,1270491.75,2025-06-11,2025-06-11
VSH,2025-06-11,3,352920.0,2025-05-12,2025-06-11
ASIC,2025-06-11,3,1423886.0,2025-06-11,2025-06-11
SONO,2025-06-12,5,32904464.4,2025-06-12,2025-06-12
HPP,2025-06-12,5,2299997.47,2025-06-12,2025-06-12
PLYA,2025-06-12,5,67269622.5,2025-06-12,2025-06-12
PZG,2025-06-13,3,748800.0,2025-06-13,2025-06-13
PTN,2025-06-13,3,454000000.0,2025-06-13,2025-06-13
BACC,2025-06-16,3,11730000.0,2025-06-16,2025-06-16
VAC,2025-06-17,4,203505102.0,2025-06-17,2025-06-17
IMRX,2025-06-18,3,202911.85,2025-06-17,2025-06-18
AXINU,2025-06-20,3,12000000.0,2025-06-20,2025-06-20
KYMR,2025-06-25,10,139553480.0,2025-06-25,2025-06-25
CDTX,2025-06-26,4,399999952.0,2025-06-26,2025-06-26
SION,2025-06-27,3,2851200.0,2025-06-27,2025-06-27
CAEP,2025-06-27,4,23200000.0,2025-06-27,2025-06-27
PRM,2025-06-27,5,17796540.0,2025-06-27,2025-06-27
ACTU,2025-06-27,24,11999904.0,2025-06-27,2025-06-27
BCDA,2025-06-30,3,350841.92,2025-06-30,2025-06-30
NMP,2025-06-30,4,4200000.0,2025-06-30,2025-06-30
VRDR,2025-06-30,4,41975941.14,2025-06-30,2025-06-30
SPG,2025-06-30,3,206439.84,2025-06-30,2025-06-30
FGBI,2025-06-30,5,1064826.0,2025-06-30,2025-06-30
COSO,2025-07-02,7,3335725.0,2025-07-02,2025-07-02
SCISX,2025-07-08,3,6316748.64,2025-06-23,2025-07-08
NEGG,2025-07-08,3,7268760.9,2025-07-08,2025-07-08
REPX,2025-07-14,3,1227150.0,2025-07-14,2025-07-14
UPXI,2025-07-15,3,956998.84,2025-07-11,2025-07-15
BRCC,2025-07-18,6,2200000.0,2025-07-18,2025-07-18
PETS,2025-07-21,4,419093.1,2025-07-17,2025-07-21
CARL,2025-07-22,3,8099970.0,2025-07-22,2025-07-22
TBN,2025-07-22,6,59999908.68,2025-07-22,2025-07-22
LOOP,2025-07-23,4,1370361.94,2025-07-23,2025-07-23
DMAC,2025-07-23,6,42199990.0,2025-07-23,2025-07-23
SFNC,2025-07-23,7,1663150.0,2025-07-23,2025-07-23
REZI,2025-07-25,3,299975793.81,2025-07-25,2025-07-25
SONO,2025-07-25,5,74019413.3,2025-07-25,2025-07-25
MH,2025-07-25,3,246500.0,2025-07-25,2025-07-25
SIGI,2025-07-28,4,701939.64,2025-07-25,2025-07-28
MSTR,2025-07-29,7,21856950.0,2025-07-29,2025-07-29
ABG,2025-07-30,5,52858561.6,2025-07-30,2025-07-30
LRMR,2025-07-31,10,300000000.0,2025-07-31,2025-07-31
FIG,2025-08-01,4,10312500.0,2025-08-01,2025-08-01
OBIO,2025-08-01,3,5775000.0,2025-08-01,2025-08-01
PRME,2025-08-01,16,139799880.0,2025-08-01,2025-08-01
AMKR,2025-08-01,5,48243598.25,2025-08-01,2025-08-01
PNFP,2025-08-01,3,1031170.0,2025-07-31,2025-08-01
XHFIX,2025-08-01,3,3100003.02,2025-08-01,2025-08-01
SI,2025-08-01,10,27674940.0,2025-08-01,2025-08-01
NSP,2025-08-04,5,803242.25,2025-08-04,2025-08-04
TFX,2025-08-05,4,576215.0,2025-08-05,2025-08-05
FLY,2025-08-06,12,5149890.0,2025-08-06,2025-08-06
MKZR,2025-08-06,6,1263980.77,2025-08-06,2025-08-06
BRBR,2025-08-06,3,295096.87,2025-08-06,2025-08-06
AVBC,2025-08-06,4,830731.36,2025-08-05,2025-08-06
AVBH,2025-08-07,4,1449000.0,2025-08-07,2025-08-07
KMPR,2025-08-07,3,344310.0,2025-08-07,2025-08-07
TROX,2025-08-07,3,497210.34,2025-08-01,2025-08-07
PTLO,2025-08-07,3,1514480.0,2025-08-07,2025-08-07
FCNCA,2025-08-07,3,2467100.0,2025-07-29,2025-08-07
HRTX,2025-08-08,3,9811494.0,2025-08-08,2025-08-08
AMRZ,2025-08-08,6,24377590.3,2025-08-08,2025-08-08
CFND,2025-08-08,3,903845.0,2025-08-08,2025-08-08
ALKT,2025-08-11,18,534453818.4,2025-08-11,2025-08-11
GBLI,2025-08-11,3,582456.88,2025-08-08,2025-08-11
BRT,2025-08-11,3,356347.8,2025-08-11,2025-08-11
CHD,2025-08-12,3,1177702.32,2025-08-05,2025-08-12
PRGS,2025-08-12,3,428157.3,2025-07-23,2025-08-12
LLY,2025-08-12,5,2894853.31,2025-08-08,2025-08-12
MSDL,2025-08-12,4,625932.71,2025-08-11,2025-08-12
LNW,2025-08-12,3,1418658.8,2025-08-07,2025-08-12
OMI,2025-08-12,5,40497720.6,2025-08-12,2025-08-12
INSG,2025-08-12,3,1438773.6,2025-08-12,2025-08-12
MXCT,2025-08-13,5,479950.0,2025-08-13,2025-08-13
AAOI,2025-08-13,3,1000938.0,2025-08-12,2025-08-13
LAB,2025-08-13,8,3539569.6,2025-08-13,2025-08-13
MIAX,2025-08-13,6,770500.0,2025-08-13,2025-08-13
PRMB,2025-08-14,3,595770.2,2025-08-12,2025-08-14
ACDC,2025-08-14,4,40000000.0,2025-08-14,2025-08-14
PSX,2025-08-14,3,1188910.0,2025-07-30,2025-08-14
CE,2025-08-14,3,265199.11,2025-08-14,2025-08-14
MDGL,2025-08-18,6,370737419.1,2025-08-18,2025-08-18
PRGO,2025-08-18,3,360029.7,2025-08-08,2025-08-18
SMRT,2025-08-18,3,1145600.0,2025-08-08,2025-08-18
BLND,2025-08-18,7,11556828.43,2025-08-18,2025-08-18
ECIA,2025-08-19,3,275000.0,2025-08-19,2025-08-19
STRZ,2025-08-19,3,443193.7,2025-08-19,2025-08-19
PEW,2025-08-20,3,211100.0,2025-08-19,2025-08-20
UA,2025-08-21,3,1501000.0,2025-08-13,2025-08-21
STSS,2025-08-22,6,4380050.0,2025-08-22,2025-08-22
CEPF,2025-08-22,4,36000000.0,2025-08-22,2025-08-22
ENOV,2025-08-22,3,463787.0,2025-08-13,2025-08-22
INR,2025-08-22,3,867412.46,2025-08-14,2025-08-22
MBIN,2025-08-22,3,654011.35,2025-07-30,2025-08-22
STTK,2025-08-25,4,21945321.96,2025-08-25,2025-08-25
FEAM,2025-08-25,7,2450000.0,2025-08-25,2025-08-25
CLDI,2025-08-25,3,450000.0,2025-08-21,2025-08-25
SMC,2025-08-26,5,12301848.2,2025-08-26,2025-08-26
EBC,2025-08-27,5,1666712.19,2025-08-25,2025-08-27
EMN,2025-08-27,11,1944938.55,2025-08-27,2025-08-27
SNV,2025-08-28,3,610848.0,2025-07-29,2025-08-28
LKQ,2025-08-28,3,820123.5,2025-08-27,2025-08-28
NIQ,2025-09-03,3,929680.0,2025-08-28,2025-09-03
COTY,2025-09-03,3,1260820.0,2025-08-22,2025-09-03
MLYS,2025-09-04,6,164999917.5,2025-09-04,2025-09-04
COO,2025-09-05,4,1079565.5,2025-09-02,2025-09-05
SFD,2025-09-08,6,42599882.25,2025-09-08,2025-09-08
CELC,2025-09-08,4,38195160.96,2025-09-08,2025-09-08
OPCH,2025-09-09,3,1627576.41,2025-08-20,2025-09-09
OCTO,2025-09-09,3,950000.1,2025-09-08,2025-09-09
CAMP,2025-09-11,15,47499988.32,2025-09-11,2025-09-11
LBRX,2025-09-12,10,174942420.0,2025-09-12,2025-09-12
RAPP,2025-09-12,3,1605598.54,2025-09-11,2025-09-12
NEXT,2025-09-16,9,23108956.06,2025-09-12,2025-09-16
PFBX,2025-09-17,5,303000.0,2025-09-17,2025-09-17
WSBC,2025-09-17,9,1350000.0,2025-09-17,2025-09-17
NTSK,2025-09-18,13,532000000.0,2025-09-18,2025-09-18
BCDA,2025-09-19,3,918000.0,2025-09-19,2025-09-19
ONEW,2025-09-19,6,336971.88,2025-09-19,2025-09-19
JSPR,2025-09-22,3,298890.0,2025-09-22,2025-09-22
RNGE,2025-09-23,3,550000.05,2025-09-23,2025-09-23
PTRN,2025-09-24,4,15448741.12,2025-09-24,2025-09-24
MRVL,2025-09-25,4,2109632.0,2025-09-25,2025-09-25
PEPG,2025-09-26,5,150000000.0,2025-09-26,2025-09-26
RIG,2025-09-26,3,36600000.0,2025-09-26,2025-09-26
MBX,2025-09-26,5,59999940.0,2025-09-26,2025-09-26
FGBI,2025-09-30,3,1637692.0,2025-09-30,2025-09-30
SPG,2025-09-30,3,213842.5,2025-09-30,2025-09-30
NP,2025-10-02,3,3481000.0,2025-10-02,2025-10-02
CBK,2025-10-03,4,749952.0,2025-10-03,2025-10-03
BGC,2025-10-06,3,247943911.23,2025-10-06,2025-10-06
SPWH,2025-10-06,3,370191.2,2025-10-02,2025-10-06
ZBIO,2025-10-07,5,24802592.8,2025-10-07,2025-10-07
ACET,2025-10-08,8,40000000.0,2025-10-08,2025-10-08
BRT,2025-10-09,4,716350.81,2025-09-09,2025-10-09
ZIVO,2025-10-13,5,1279407.78,2025-09-30,2025-10-13
REFI,2025-10-14,3,280839.5,2025-10-01,2025-10-14
RMCF,2025-10-17,8,882497.7,2025-10-17,2025-10-17
SMMT,2025-10-21,3,10999948.98,2025-10-21,2025-10-21
VRDN,2025-10-23,3,29999970.0,2025-10-23,2025-10-23
RYES,2025-10-24,7,6350000.0,2025-10-24,2025-10-24
RNTX,2025-10-24,5,1874422.1,2025-10-24,2025-10-24
ASIC,2025-10-27,3,533108.2,2025-09-29,2025-10-27
NMRA,2025-10-27,18,89999586.0,2025-10-27,2025-10-27
OBK,2025-10-28,3,482652.5,2025-10-27,2025-10-28
WDFC,2025-10-30,4,471648.03,2025-10-27,2025-10-30
VRSK,2025-10-31,3,314662.5,2025-10-31,2025-10-31
UTZ,2025-11-03,4,1460091.0,2025-11-03,2025-11-03
XCPIX,2025-11-03,3,650000.09,2025-11-03,2025-11-03
MTDR,2025-11-03,4,857587.5,2025-10-30,2025-11-03
DCOM,2025-11-04,3,1617904.86,2025-11-04,2025-11-04
MNRO,2025-11-04,3,29140784.61,2025-11-04,2025-11-04
AMRZ,2025-11-04,3,6213460.0,2025-10-30,2025-11-04
GTE,2025-11-04,4,10205920.0,2025-11-04,2025-11-04
RLMD,2025-11-05,4,2196700.0,2025-11-05,2025-11-05
NVCT,2025-11-05,3,1096593.18,2025-10-23,2025-11-05
CEPV,2025-11-05,4,21600000.0,2025-11-05,2025-11-05
BETA,2025-11-05,5,98943695.46,2025-11-05,2025-11-05
GBCI,2025-11-06,3,298561.17,2025-11-05,2025-11-06
KREF,2025-11-06,3,538807.0,2025-11-06,2025-11-06
XZO,2025-11-06,4,1764000.0,2025-11-06,2025-11-06
NCLH,2025-11-06,5,1567325.17,2025-11-06,2025-11-06
LAB,2025-11-07,8,11040000.0,2025-11-07,2025-11-07
ITGR,2025-11-07,3,384760.0,2025-10-30,2025-11-07
BLLN,2025-11-07,4,3123960.0,2025-11-06,2025-11-07
MRAI,2025-11-07,3,200000.0,2025-11-07,2025-11-07
EVMN,2025-11-07,3,70000000.0,2025-11-07,2025-11-07
BNTC,2025-11-07,4,79999974.0,2025-11-07,2025-11-07
SENS,2025-11-10,3,253972.7,2025-11-07,2025-11-10
REZI,2025-11-10,4,159166386.88,2025-11-10,2025-11-10
BLND,2025-11-10,7,47591708.5,2025-11-10,2025-11-10
LINE,2025-11-10,3,3337960.0,2025-11-07,2025-11-10
TRDA,2025-11-10,4,5101405.0,2025-11-10,2025-11-10
AMCR,2025-11-10,3,1663048.72,2025-11-10,2025-11-10
SPRU,2025-11-11,6,27183982.44,2025-11-11,2025-11-11
MOALX,2025-11-11,3,250000.11,2025-10-31,2025-11-11
RGP,2025-11-11,6,2134345.4,2025-10-15,2025-11-11
WEST,2025-11-11,4,1359960.0,2025-11-11,2025-11-11
PRMB,2025-11-11,3,2318582.08,2025-11-10,2025-11-11
TBRG,2025-11-12,3,2980176.78,2025-11-11,2025-11-12
SRZN,2025-11-13,7,27933717.35,2025-11-13,2025-11-13
BHVN,2025-11-13,3,32999992.5,2025-11-13,2025-11-13
AVBC,2025-11-13,3,224552.02,2025-11-05,2025-11-13
PROP,2025-11-14,3,8944657.47,2025-11-14,2025-11-14
FTAI,2025-11-14,3,1432353.48,2025-11-13,2025-11-14
ACVA,2025-11-14,3,5712854.79,2025-11-10,2025-11-14
CTRI,2025-11-14,3,224999994.0,2025-11-14,2025-11-14
VAC,2025-11-14,4,1710010.0,2025-11-13,2025-11-14
MNR,2025-11-14,4,1163835.9,2025-11-14,2025-11-14
ALMS,2025-11-17,13,40111469.39,2025-11-13,2025-11-17
CRVO,2025-11-17,3,441172.0,2025-11-14,2025-11-17
TELA,2025-11-17,4,16001760.0,2025-11-17,2025-11-17
RXO,2025-11-17,3,552376.96,2025-11-07,2025-11-17
ARX,2025-11-18,3,1580592.8,2025-11-14,2025-11-18
CNH,2025-11-18,3,657993.14,2025-11-11,2025-11-18
OBDC,2025-11-18,4,1487490.0,2025-11-10,2025-11-18
RUM,2025-11-19,3,17306718.84,2025-11-19,2025-11-19
STAA,2025-11-19,3,123184844.64,2025-11-19,2025-11-19
FOSL,2025-11-20,4,640765.74,2025-11-18,2025-11-20
GLOO,2025-11-20,4,8300000.0,2025-11-20,2025-11-20
GLRE,2025-11-20,3,766750.0,2025-11-06,2025-11-20
BBWI,2025-11-21,3,450507.0,2025-11-21,2025-11-21
CBC,2025-11-21,12,4962447.0,2025-11-21,2025-11-21
IKT,2025-11-21,3,8999997.75,2025-11-21,2025-11-21
PENN,2025-11-21,3,882777.85,2025-11-07,2025-11-21
OTH,2025-11-21,3,650634.87,2025-11-14,2025-11-21
AEBI,2025-11-21,3,180250.0,2025-11-14,2025-11-21
MRP,2025-11-24,3,384661.4,2025-10-28,2025-11-24
RIG,2025-11-24,3,18090000.0,2025-11-24,2025-11-24
BH,2025-11-24,3,2397862.71,2025-11-24,2025-11-24
ONEW,2025-11-24,6,2971578.78,2025-11-24,2025-11-24
J,2025-11-24,3,335877.64,2025-11-24,2025-11-24
DMLP,2025-11-25,3,210371.53,2025-11-25,2025-11-25
FSSL,2025-11-25,3,1206609.95,2025-11-13,2025-11-25
ALIT,2025-11-26,3,422793.24,2025-11-25,2025-11-26
RPD,2025-11-26,3,3169300.0,2025-11-24,2025-11-26
KVHI,2025-11-28,4,760090.06,2025-11-14,2025-11-28
KCHV,2025-11-28,4,10200000.0,2025-11-28,2025-11-28
KLNG,2025-12-01,3,2397600.0,2025-12-01,2025-12-01
TISI,2025-12-01,5,853692.88,2025-11-17,2025-12-01
OWL,2025-12-01,4,7142132.9,2025-12-01,2025-12-01
UTI,2025-12-01,5,85653760.35,2025-12-01,2025-12-01
INV,2025-12-02,3,206095.82,2025-11-21,2025-12-02
MSBI,2025-12-03,3,327548.62,2025-12-03,2025-12-03
HYNE,2025-12-03,10,2409124.2,2025-12-03,2025-12-03
CBIO,2025-12-04,4,72950400.0,2025-12-04,2025-12-04
CRM,2025-12-05,8,200125440.0,2025-12-05,2025-12-05
CLYM,2025-12-11,7,5283159.98,2025-12-11,2025-12-11
KYMR,2025-12-11,6,1034999508.0,2025-12-11,2025-12-11
CDNL,2025-12-11,3,813225.0,2025-12-11,2025-12-11
ELAN,2025-12-11,3,724883.0,2025-12-11,2025-12-11
BOC,2025-12-11,3,1346531.42,2025-12-01,2025-12-11
SEVN,2025-12-11,5,87181101.0,2025-12-11,2025-12-11
BCIC,2025-12-12,3,1249980.04,2025-12-12,2025-12-12
AMR,2025-12-15,7,60784678.04,2025-12-08,2025-12-15
VSTS,2025-12-16,4,14840140.66,2025-12-03,2025-12-16
COO,2025-12-17,3,1072322.5,2025-12-16,2025-12-17
MBAV,2025-12-17,5,190570374.0,2025-12-17,2025-12-17
NAVN,2025-12-17,29,263136682.8,2025-12-17,2025-12-17
BNTC,2025-12-18,4,1836264.0,2025-12-18,2025-12-18
KOD,2025-12-18,6,360000048.0,2025-12-18,2025-12-18
XZO,2025-12-18,3,637329.0,2025-12-18,2025-12-18
HYPD,2025-12-18,3,398042.76,2025-12-17,2025-12-18
MDLN,2025-12-18,5,1244799886.0,2025-12-16,2025-12-18
MCFT,2025-12-18,5,13246836.9,2025-12-18,2025-12-18
CCXIU,2025-12-18,3,15000000.0,2025-12-18,2025-12-18
ANDG,2025-12-18,5,8100875.6,2025-12-17,2025-12-18
KYTX,2025-12-18,5,4999987.5,2025-12-18,2025-12-18
BMNM,2025-12-19,4,828467.25,2025-12-19,2025-12-19
MAIA,2025-12-22,3,283443.36,2025-11-26,2025-12-22
AZO,2025-12-22,3,1179255.58,2025-12-10,2025-12-22
NKE,2025-12-29,3,4449886.94,2025-12-22,2025-12-29
